t,x,y,team,player,won,tstd,tsync,tper,tier,zone
691766,15,101,dire,Brahms,0,800,0,0,VeryHigh,toplane dire
691766,15,101,dire,Brahms,0,800,1,1.28194280996736e-06,VeryHigh,toplane dire
692700,14,98,dire,Brahms,0,1734,2,2.56388561993472e-06,VeryHigh,toplane dire
693966,14,94,dire,Brahms,0,3000,3,3.84582842990209e-06,VeryHigh,toplane dire
694766,16,96,dire,Brahms,0,3800,4,5.12777123986945e-06,VeryHigh,toplane dire
695833,15,95,dire,Brahms,0,4867,5,6.40971404983681e-06,VeryHigh,toplane dire
696700,16,96,dire,Brahms,0,5734,6,7.69165685980417e-06,VeryHigh,toplane dire
697966,17,97,dire,Brahms,0,7000,7,8.97359966977153e-06,VeryHigh,toplane dire
698700,16,96,dire,Brahms,0,7734,8,1.02555424797389e-05,VeryHigh,toplane dire
699966,16,96,dire,Brahms,0,9000,9,1.15374852897063e-05,VeryHigh,toplane dire
700900,15,96,dire,Brahms,0,9934,10,1.28194280996736e-05,VeryHigh,toplane dire
701900,17,98,dire,Brahms,0,10934,11,1.4101370909641e-05,VeryHigh,toplane dire
702833,19,100,dire,Brahms,0,11867,12,1.53833137196083e-05,VeryHigh,toplane dire
703766,21,101,dire,Brahms,0,12800,13,1.66652565295757e-05,VeryHigh,toplane dire
704900,24,102,dire,Brahms,0,13934,14,1.79471993395431e-05,VeryHigh,toplane dire
705700,26,103,dire,Brahms,0,14734,15,1.92291421495104e-05,VeryHigh,toplane dire
706833,29,104,dire,Brahms,0,15867,16,2.05110849594778e-05,VeryHigh,toplane dire
707633,31,105,dire,Brahms,0,16667,17,2.17930277694451e-05,VeryHigh,toplane dire
708766,34,105,dire,Brahms,0,17800,18,2.30749705794125e-05,VeryHigh,toplane dire
709966,38,105,dire,Brahms,0,19000,19,2.43569133893799e-05,VeryHigh,toplane dire
710766,41,105,dire,Brahms,0,19800,20,2.56388561993472e-05,VeryHigh,toplane dire
711966,45,105,dire,Brahms,0,21000,21,2.69207990093146e-05,VeryHigh,toplane dire
712766,48,105,dire,Brahms,0,21800,22,2.8202741819282e-05,VeryHigh,toplane dire
713966,52,105,dire,Brahms,0,23000,23,2.94846846292493e-05,VeryHigh,toplane dire
714766,55,105,dire,Brahms,0,23800,24,3.07666274392167e-05,VeryHigh,toplane dire
715966,59,105,dire,Brahms,0,25000,25,3.2048570249184e-05,VeryHigh,toplane dire
716766,62,105,dire,Brahms,0,25800,26,3.33305130591514e-05,VeryHigh,toplane dire
717966,66,105,dire,Brahms,0,27000,27,3.46124558691188e-05,VeryHigh,toplane dire
718766,69,105,dire,Brahms,0,27800,28,3.58943986790861e-05,VeryHigh,toplane dire
719966,73,105,dire,Brahms,0,29000,29,3.71763414890535e-05,VeryHigh,toplane dire
720833,76,105,dire,Brahms,0,29867,30,3.84582842990209e-05,VeryHigh,toplane dire
721966,80,105,dire,Brahms,0,31000,31,3.97402271089882e-05,VeryHigh,toplane dire
722833,83,105,dire,Brahms,0,31867,32,4.10221699189556e-05,VeryHigh,toplane dire
723966,87,106,dire,Brahms,0,33000,33,4.23041127289229e-05,VeryHigh,base2 dire
724833,90,106,dire,Brahms,0,33867,34,4.35860555388903e-05,VeryHigh,base2 dire
725766,93,105,dire,Brahms,0,34800,35,4.48679983488577e-05,VeryHigh,base2 dire
726900,97,105,dire,Brahms,0,35934,36,4.6149941158825e-05,VeryHigh,base2 dire
727766,100,105,dire,Brahms,0,36800,37,4.74318839687924e-05,VeryHigh,base2 dire
728900,104,105,dire,Brahms,0,37934,38,4.87138267787597e-05,VeryHigh,base2 dire
729966,107,106,dire,Brahms,0,39000,39,4.99957695887271e-05,VeryHigh,base2 dire
730700,109,106,dire,Brahms,0,39734,40,5.12777123986945e-05,VeryHigh,base2 dire
731900,112,107,dire,Brahms,0,40934,41,5.25596552086618e-05,VeryHigh,base2 dire
732633,114,108,dire,Brahms,0,41667,42,5.38415980186292e-05,VeryHigh,base2 dire
733900,117,109,dire,Brahms,0,42934,43,5.51235408285966e-05,VeryHigh,base2 dire
734966,119,111,dire,Brahms,0,44000,44,5.64054836385639e-05,VeryHigh,base2 dire
735300,120,111,dire,Brahms,0,44334,45,5.76874264485313e-05,VeryHigh,base2 dire
735300,120,111,dire,Brahms,0,44334,46,5.89693692584986e-05,VeryHigh,base2 dire
735300,120,111,dire,Brahms,0,44334,47,6.0251312068466e-05,VeryHigh,base2 dire
735300,120,111,dire,Brahms,0,44334,48,6.15332548784334e-05,VeryHigh,base2 dire
735300,120,111,dire,Brahms,0,44334,49,6.28151976884007e-05,VeryHigh,base2 dire
735300,120,111,dire,Brahms,0,44334,50,6.40971404983681e-05,VeryHigh,base2 dire
735300,120,111,dire,Brahms,0,44334,51,6.53790833083354e-05,VeryHigh,base2 dire
735300,120,111,dire,Brahms,0,44334,52,6.66610261183028e-05,VeryHigh,base2 dire
735300,120,111,dire,Brahms,0,44334,53,6.79429689282702e-05,VeryHigh,base2 dire
735300,120,111,dire,Brahms,0,44334,54,6.92249117382375e-05,VeryHigh,base2 dire
735300,120,111,dire,Brahms,0,44334,55,7.05068545482049e-05,VeryHigh,base2 dire
735300,120,111,dire,Brahms,0,44334,56,7.17887973581723e-05,VeryHigh,base2 dire
735300,120,111,dire,Brahms,0,44334,57,7.30707401681396e-05,VeryHigh,base2 dire
735300,120,111,dire,Brahms,0,44334,58,7.4352682978107e-05,VeryHigh,base2 dire
735300,120,111,dire,Brahms,0,44334,59,7.56346257880743e-05,VeryHigh,base2 dire
735300,120,111,dire,Brahms,0,44334,60,7.69165685980417e-05,VeryHigh,base2 dire
735300,120,111,dire,Brahms,0,44334,61,7.81985114080091e-05,VeryHigh,base2 dire
735300,120,111,dire,Brahms,0,44334,62,7.94804542179764e-05,VeryHigh,base2 dire
735300,120,111,dire,Brahms,0,44334,63,8.07623970279438e-05,VeryHigh,base2 dire
735300,120,111,dire,Brahms,0,44334,64,8.20443398379112e-05,VeryHigh,base2 dire
735300,120,111,dire,Brahms,0,44334,65,8.33262826478785e-05,VeryHigh,base2 dire
735300,120,111,dire,Brahms,0,44334,66,8.46082254578459e-05,VeryHigh,base2 dire
735300,120,111,dire,Brahms,0,44334,67,8.58901682678132e-05,VeryHigh,base2 dire
735300,120,111,dire,Brahms,0,44334,68,8.71721110777806e-05,VeryHigh,base2 dire
735300,120,111,dire,Brahms,0,44334,69,8.8454053887748e-05,VeryHigh,base2 dire
735300,120,111,dire,Brahms,0,44334,70,8.97359966977153e-05,VeryHigh,base2 dire
735300,120,111,dire,Brahms,0,44334,71,9.10179395076827e-05,VeryHigh,base2 dire
735300,120,111,dire,Brahms,0,44334,72,9.229988231765e-05,VeryHigh,base2 dire
735300,120,111,dire,Brahms,0,44334,73,9.35818251276174e-05,VeryHigh,base2 dire
735300,120,111,dire,Brahms,0,44334,74,9.48637679375848e-05,VeryHigh,base2 dire
735300,120,111,dire,Brahms,0,44334,75,9.61457107475521e-05,VeryHigh,base2 dire
735300,120,111,dire,Brahms,0,44334,76,9.74276535575195e-05,VeryHigh,base2 dire
735300,120,111,dire,Brahms,0,44334,77,9.87095963674869e-05,VeryHigh,base2 dire
735300,120,111,dire,Brahms,0,44334,78,9.99915391774542e-05,VeryHigh,base2 dire
735300,120,111,dire,Brahms,0,44334,79,0.000101273481987422,VeryHigh,base2 dire
735300,120,111,dire,Brahms,0,44334,80,0.000102555424797389,VeryHigh,base2 dire
735300,120,111,dire,Brahms,0,44334,81,0.000103837367607356,VeryHigh,base2 dire
735300,120,111,dire,Brahms,0,44334,82,0.000105119310417324,VeryHigh,base2 dire
735300,120,111,dire,Brahms,0,44334,83,0.000106401253227291,VeryHigh,base2 dire
735300,120,111,dire,Brahms,0,44334,84,0.000107683196037258,VeryHigh,base2 dire
735300,120,111,dire,Brahms,0,44334,85,0.000108965138847226,VeryHigh,base2 dire
735300,120,111,dire,Brahms,0,44334,86,0.000110247081657193,VeryHigh,base2 dire
735300,120,111,dire,Brahms,0,44334,87,0.00011152902446716,VeryHigh,base2 dire
735300,120,111,dire,Brahms,0,44334,88,0.000112810967277128,VeryHigh,base2 dire
735300,120,111,dire,Brahms,0,44334,89,0.000114092910087095,VeryHigh,base2 dire
780066,120,111,dire,Brahms,0,89100,90,0.000115374852897063,VeryHigh,base2 dire
690966,118,108,dire,CanIHasCookie%3F,0,0,0,0,VeryHigh,base2 dire
691766,116,107,dire,CanIHasCookie%3F,0,800,1,1.28194280996736e-06,VeryHigh,base2 dire
692766,116,108,dire,CanIHasCookie%3F,0,1800,2,2.56388561993472e-06,VeryHigh,base2 dire
693100,116,107,dire,CanIHasCookie%3F,0,2134,3,3.84582842990209e-06,VeryHigh,base2 dire
694300,116,108,dire,CanIHasCookie%3F,0,3334,4,5.12777123986945e-06,VeryHigh,base2 dire
694300,116,108,dire,CanIHasCookie%3F,0,3334,5,6.40971404983681e-06,VeryHigh,base2 dire
694300,116,108,dire,CanIHasCookie%3F,0,3334,6,7.69165685980417e-06,VeryHigh,base2 dire
697900,117,108,dire,CanIHasCookie%3F,0,6934,7,8.97359966977153e-06,VeryHigh,base2 dire
698700,118,110,dire,CanIHasCookie%3F,0,7734,8,1.02555424797389e-05,VeryHigh,base2 dire
699366,119,111,dire,CanIHasCookie%3F,0,8400,9,1.15374852897063e-05,VeryHigh,base2 dire
700166,119,112,dire,CanIHasCookie%3F,0,9200,10,1.28194280996736e-05,VeryHigh,base2 dire
700166,119,112,dire,CanIHasCookie%3F,0,9200,11,1.4101370909641e-05,VeryHigh,base2 dire
700166,119,112,dire,CanIHasCookie%3F,0,9200,12,1.53833137196083e-05,VeryHigh,base2 dire
700166,119,112,dire,CanIHasCookie%3F,0,9200,13,1.66652565295757e-05,VeryHigh,base2 dire
700166,119,112,dire,CanIHasCookie%3F,0,9200,14,1.79471993395431e-05,VeryHigh,base2 dire
700166,119,112,dire,CanIHasCookie%3F,0,9200,15,1.92291421495104e-05,VeryHigh,base2 dire
700166,119,112,dire,CanIHasCookie%3F,0,9200,16,2.05110849594778e-05,VeryHigh,base2 dire
700166,119,112,dire,CanIHasCookie%3F,0,9200,17,2.17930277694451e-05,VeryHigh,base2 dire
700166,119,112,dire,CanIHasCookie%3F,0,9200,18,2.30749705794125e-05,VeryHigh,base2 dire
700166,119,112,dire,CanIHasCookie%3F,0,9200,19,2.43569133893799e-05,VeryHigh,base2 dire
700166,119,112,dire,CanIHasCookie%3F,0,9200,20,2.56388561993472e-05,VeryHigh,base2 dire
700166,119,112,dire,CanIHasCookie%3F,0,9200,21,2.69207990093146e-05,VeryHigh,base2 dire
700166,119,112,dire,CanIHasCookie%3F,0,9200,22,2.8202741819282e-05,VeryHigh,base2 dire
700166,119,112,dire,CanIHasCookie%3F,0,9200,23,2.94846846292493e-05,VeryHigh,base2 dire
700166,119,112,dire,CanIHasCookie%3F,0,9200,24,3.07666274392167e-05,VeryHigh,base2 dire
700166,119,112,dire,CanIHasCookie%3F,0,9200,25,3.2048570249184e-05,VeryHigh,base2 dire
700166,119,112,dire,CanIHasCookie%3F,0,9200,26,3.33305130591514e-05,VeryHigh,base2 dire
700166,119,112,dire,CanIHasCookie%3F,0,9200,27,3.46124558691188e-05,VeryHigh,base2 dire
700166,119,112,dire,CanIHasCookie%3F,0,9200,28,3.58943986790861e-05,VeryHigh,base2 dire
700166,119,112,dire,CanIHasCookie%3F,0,9200,29,3.71763414890535e-05,VeryHigh,base2 dire
720033,119,112,dire,CanIHasCookie%3F,0,29067,30,3.84582842990209e-05,VeryHigh,base2 dire
720033,119,112,dire,CanIHasCookie%3F,0,29067,31,3.97402271089882e-05,VeryHigh,base2 dire
720033,119,112,dire,CanIHasCookie%3F,0,29067,32,4.10221699189556e-05,VeryHigh,base2 dire
720033,119,112,dire,CanIHasCookie%3F,0,29067,33,4.23041127289229e-05,VeryHigh,base2 dire
720033,119,112,dire,CanIHasCookie%3F,0,29067,34,4.35860555388903e-05,VeryHigh,base2 dire
720033,119,112,dire,CanIHasCookie%3F,0,29067,35,4.48679983488577e-05,VeryHigh,base2 dire
720033,119,112,dire,CanIHasCookie%3F,0,29067,36,4.6149941158825e-05,VeryHigh,base2 dire
720033,119,112,dire,CanIHasCookie%3F,0,29067,37,4.74318839687924e-05,VeryHigh,base2 dire
720033,119,112,dire,CanIHasCookie%3F,0,29067,38,4.87138267787597e-05,VeryHigh,base2 dire
720033,119,112,dire,CanIHasCookie%3F,0,29067,39,4.99957695887271e-05,VeryHigh,base2 dire
720033,119,112,dire,CanIHasCookie%3F,0,29067,40,5.12777123986945e-05,VeryHigh,base2 dire
720033,119,112,dire,CanIHasCookie%3F,0,29067,41,5.25596552086618e-05,VeryHigh,base2 dire
720033,119,112,dire,CanIHasCookie%3F,0,29067,42,5.38415980186292e-05,VeryHigh,base2 dire
720033,119,112,dire,CanIHasCookie%3F,0,29067,43,5.51235408285966e-05,VeryHigh,base2 dire
720033,119,112,dire,CanIHasCookie%3F,0,29067,44,5.64054836385639e-05,VeryHigh,base2 dire
720033,119,112,dire,CanIHasCookie%3F,0,29067,45,5.76874264485313e-05,VeryHigh,base2 dire
720033,119,112,dire,CanIHasCookie%3F,0,29067,46,5.89693692584986e-05,VeryHigh,base2 dire
720033,119,112,dire,CanIHasCookie%3F,0,29067,47,6.0251312068466e-05,VeryHigh,base2 dire
720033,119,112,dire,CanIHasCookie%3F,0,29067,48,6.15332548784334e-05,VeryHigh,base2 dire
720033,119,112,dire,CanIHasCookie%3F,0,29067,49,6.28151976884007e-05,VeryHigh,base2 dire
720033,119,112,dire,CanIHasCookie%3F,0,29067,50,6.40971404983681e-05,VeryHigh,base2 dire
720033,119,112,dire,CanIHasCookie%3F,0,29067,51,6.53790833083354e-05,VeryHigh,base2 dire
720033,119,112,dire,CanIHasCookie%3F,0,29067,52,6.66610261183028e-05,VeryHigh,base2 dire
720033,119,112,dire,CanIHasCookie%3F,0,29067,53,6.79429689282702e-05,VeryHigh,base2 dire
720033,119,112,dire,CanIHasCookie%3F,0,29067,54,6.92249117382375e-05,VeryHigh,base2 dire
720033,119,112,dire,CanIHasCookie%3F,0,29067,55,7.05068545482049e-05,VeryHigh,base2 dire
720033,119,112,dire,CanIHasCookie%3F,0,29067,56,7.17887973581723e-05,VeryHigh,base2 dire
720033,119,112,dire,CanIHasCookie%3F,0,29067,57,7.30707401681396e-05,VeryHigh,base2 dire
720033,119,112,dire,CanIHasCookie%3F,0,29067,58,7.4352682978107e-05,VeryHigh,base2 dire
720033,119,112,dire,CanIHasCookie%3F,0,29067,59,7.56346257880743e-05,VeryHigh,base2 dire
720033,119,112,dire,CanIHasCookie%3F,0,29067,60,7.69165685980417e-05,VeryHigh,base2 dire
720033,119,112,dire,CanIHasCookie%3F,0,29067,61,7.81985114080091e-05,VeryHigh,base2 dire
720033,119,112,dire,CanIHasCookie%3F,0,29067,62,7.94804542179764e-05,VeryHigh,base2 dire
720033,119,112,dire,CanIHasCookie%3F,0,29067,63,8.07623970279438e-05,VeryHigh,base2 dire
720033,119,112,dire,CanIHasCookie%3F,0,29067,64,8.20443398379112e-05,VeryHigh,base2 dire
720033,119,112,dire,CanIHasCookie%3F,0,29067,65,8.33262826478785e-05,VeryHigh,base2 dire
720033,119,112,dire,CanIHasCookie%3F,0,29067,66,8.46082254578459e-05,VeryHigh,base2 dire
720033,119,112,dire,CanIHasCookie%3F,0,29067,67,8.58901682678132e-05,VeryHigh,base2 dire
720033,119,112,dire,CanIHasCookie%3F,0,29067,68,8.71721110777806e-05,VeryHigh,base2 dire
720033,119,112,dire,CanIHasCookie%3F,0,29067,69,8.8454053887748e-05,VeryHigh,base2 dire
720033,119,112,dire,CanIHasCookie%3F,0,29067,70,8.97359966977153e-05,VeryHigh,base2 dire
720033,119,112,dire,CanIHasCookie%3F,0,29067,71,9.10179395076827e-05,VeryHigh,base2 dire
720033,119,112,dire,CanIHasCookie%3F,0,29067,72,9.229988231765e-05,VeryHigh,base2 dire
720033,119,112,dire,CanIHasCookie%3F,0,29067,73,9.35818251276174e-05,VeryHigh,base2 dire
720033,119,112,dire,CanIHasCookie%3F,0,29067,74,9.48637679375848e-05,VeryHigh,base2 dire
720033,119,112,dire,CanIHasCookie%3F,0,29067,75,9.61457107475521e-05,VeryHigh,base2 dire
720033,119,112,dire,CanIHasCookie%3F,0,29067,76,9.74276535575195e-05,VeryHigh,base2 dire
720033,119,112,dire,CanIHasCookie%3F,0,29067,77,9.87095963674869e-05,VeryHigh,base2 dire
720033,119,112,dire,CanIHasCookie%3F,0,29067,78,9.99915391774542e-05,VeryHigh,base2 dire
720033,119,112,dire,CanIHasCookie%3F,0,29067,79,0.000101273481987422,VeryHigh,base2 dire
720033,119,112,dire,CanIHasCookie%3F,0,29067,80,0.000102555424797389,VeryHigh,base2 dire
720033,119,112,dire,CanIHasCookie%3F,0,29067,81,0.000103837367607356,VeryHigh,base2 dire
720033,119,112,dire,CanIHasCookie%3F,0,29067,82,0.000105119310417324,VeryHigh,base2 dire
720033,119,112,dire,CanIHasCookie%3F,0,29067,83,0.000106401253227291,VeryHigh,base2 dire
720033,119,112,dire,CanIHasCookie%3F,0,29067,84,0.000107683196037258,VeryHigh,base2 dire
720033,119,112,dire,CanIHasCookie%3F,0,29067,85,0.000108965138847226,VeryHigh,base2 dire
720033,119,112,dire,CanIHasCookie%3F,0,29067,86,0.000110247081657193,VeryHigh,base2 dire
720033,119,112,dire,CanIHasCookie%3F,0,29067,87,0.00011152902446716,VeryHigh,base2 dire
720033,119,112,dire,CanIHasCookie%3F,0,29067,88,0.000112810967277128,VeryHigh,base2 dire
720033,119,112,dire,CanIHasCookie%3F,0,29067,89,0.000114092910087095,VeryHigh,base2 dire
780066,119,112,dire,CanIHasCookie%3F,0,89100,90,0.000115374852897063,VeryHigh,base2 dire
691833,104,107,dire,Filovirus,0,867,0,0,VeryHigh,base2 dire
691833,104,107,dire,Filovirus,0,867,1,1.28194280996736e-06,VeryHigh,base2 dire
692900,101,107,dire,Filovirus,0,1934,2,2.56388561993472e-06,VeryHigh,base2 dire
693633,99,108,dire,Filovirus,0,2667,3,3.84582842990209e-06,VeryHigh,base2 dire
694766,96,108,dire,Filovirus,0,3800,4,5.12777123986945e-06,VeryHigh,base2 dire
695833,93,108,dire,Filovirus,0,4867,5,6.40971404983681e-06,VeryHigh,base2 dire
696966,90,108,dire,Filovirus,0,6000,6,7.69165685980417e-06,VeryHigh,base2 dire
697700,88,107,dire,Filovirus,0,6734,7,8.97359966977153e-06,VeryHigh,base2 dire
698833,85,107,dire,Filovirus,0,7867,8,1.02555424797389e-05,VeryHigh,toplane dire
699966,82,107,dire,Filovirus,0,9000,9,1.15374852897063e-05,VeryHigh,toplane dire
700700,80,107,dire,Filovirus,0,9734,10,1.28194280996736e-05,VeryHigh,toplane dire
701766,77,107,dire,Filovirus,0,10800,11,1.4101370909641e-05,VeryHigh,toplane dire
702900,74,107,dire,Filovirus,0,11934,12,1.53833137196083e-05,VeryHigh,toplane dire
703966,71,107,dire,Filovirus,0,13000,13,1.66652565295757e-05,VeryHigh,toplane dire
704966,69,108,dire,Filovirus,0,14000,14,1.79471993395431e-05,VeryHigh,toplane dire
705833,66,108,dire,Filovirus,0,14867,15,1.92291421495104e-05,VeryHigh,toplane dire
706966,63,108,dire,Filovirus,0,16000,16,2.05110849594778e-05,VeryHigh,toplane dire
707700,61,109,dire,Filovirus,0,16734,17,2.17930277694451e-05,VeryHigh,toplane dire
708766,58,109,dire,Filovirus,0,17800,18,2.30749705794125e-05,VeryHigh,toplane dire
709900,55,109,dire,Filovirus,0,18934,19,2.43569133893799e-05,VeryHigh,toplane dire
710966,52,109,dire,Filovirus,0,20000,20,2.56388561993472e-05,VeryHigh,toplane dire
711700,50,109,dire,Filovirus,0,20734,21,2.69207990093146e-05,VeryHigh,toplane dire
712633,52,110,dire,Filovirus,0,21667,22,2.8202741819282e-05,VeryHigh,toplane dire
713966,52,113,dire,Filovirus,0,23000,23,2.94846846292493e-05,VeryHigh,void dire
714966,51,115,dire,Filovirus,0,24000,24,3.07666274392167e-05,VeryHigh,void dire
715966,49,114,dire,Filovirus,0,25000,25,3.2048570249184e-05,VeryHigh,void dire
715966,49,114,dire,Filovirus,0,25000,26,3.33305130591514e-05,VeryHigh,void dire
715966,49,114,dire,Filovirus,0,25000,27,3.46124558691188e-05,VeryHigh,void dire
715966,49,114,dire,Filovirus,0,25000,28,3.58943986790861e-05,VeryHigh,void dire
715966,49,114,dire,Filovirus,0,25000,29,3.71763414890535e-05,VeryHigh,void dire
720033,49,114,dire,Filovirus,0,29067,30,3.84582842990209e-05,VeryHigh,void dire
720033,49,114,dire,Filovirus,0,29067,31,3.97402271089882e-05,VeryHigh,void dire
720033,49,114,dire,Filovirus,0,29067,32,4.10221699189556e-05,VeryHigh,void dire
720033,49,114,dire,Filovirus,0,29067,33,4.23041127289229e-05,VeryHigh,void dire
724433,50,114,dire,Filovirus,0,33467,34,4.35860555388903e-05,VeryHigh,void dire
724433,50,114,dire,Filovirus,0,33467,35,4.48679983488577e-05,VeryHigh,void dire
724433,50,114,dire,Filovirus,0,33467,36,4.6149941158825e-05,VeryHigh,void dire
724433,50,114,dire,Filovirus,0,33467,37,4.74318839687924e-05,VeryHigh,void dire
724433,50,114,dire,Filovirus,0,33467,38,4.87138267787597e-05,VeryHigh,void dire
724433,50,114,dire,Filovirus,0,33467,39,4.99957695887271e-05,VeryHigh,void dire
730766,51,115,dire,Filovirus,0,39800,40,5.12777123986945e-05,VeryHigh,void dire
731300,52,114,dire,Filovirus,0,40334,41,5.25596552086618e-05,VeryHigh,void dire
732566,53,112,dire,Filovirus,0,41600,42,5.38415980186292e-05,VeryHigh,void dire
733766,52,110,dire,Filovirus,0,42800,43,5.51235408285966e-05,VeryHigh,toplane dire
734100,51,110,dire,Filovirus,0,43134,44,5.64054836385639e-05,VeryHigh,toplane dire
734100,51,110,dire,Filovirus,0,43134,45,5.76874264485313e-05,VeryHigh,toplane dire
736966,53,110,dire,Filovirus,0,46000,46,5.89693692584986e-05,VeryHigh,toplane dire
737700,55,110,dire,Filovirus,0,46734,47,6.0251312068466e-05,VeryHigh,toplane dire
738766,58,110,dire,Filovirus,0,47800,48,6.15332548784334e-05,VeryHigh,toplane dire
739966,61,109,dire,Filovirus,0,49000,49,6.28151976884007e-05,VeryHigh,toplane dire
740966,64,109,dire,Filovirus,0,50000,50,6.40971404983681e-05,VeryHigh,toplane dire
741766,66,109,dire,Filovirus,0,50800,51,6.53790833083354e-05,VeryHigh,toplane dire
742833,69,109,dire,Filovirus,0,51867,52,6.66610261183028e-05,VeryHigh,toplane dire
743966,72,108,dire,Filovirus,0,53000,53,6.79429689282702e-05,VeryHigh,toplane dire
744700,74,108,dire,Filovirus,0,53734,54,6.92249117382375e-05,VeryHigh,toplane dire
745833,77,108,dire,Filovirus,0,54867,55,7.05068545482049e-05,VeryHigh,toplane dire
746900,80,108,dire,Filovirus,0,55934,56,7.17887973581723e-05,VeryHigh,toplane dire
747633,82,107,dire,Filovirus,0,56667,57,7.30707401681396e-05,VeryHigh,toplane dire
748766,85,107,dire,Filovirus,0,57800,58,7.4352682978107e-05,VeryHigh,toplane dire
749833,88,107,dire,Filovirus,0,58867,59,7.56346257880743e-05,VeryHigh,base2 dire
750966,91,108,dire,Filovirus,0,60000,60,7.69165685980417e-05,VeryHigh,base2 dire
751700,93,108,dire,Filovirus,0,60734,61,7.81985114080091e-05,VeryHigh,base2 dire
752833,96,108,dire,Filovirus,0,61867,62,7.94804542179764e-05,VeryHigh,base2 dire
753900,99,108,dire,Filovirus,0,62934,63,8.07623970279438e-05,VeryHigh,base2 dire
754633,101,108,dire,Filovirus,0,63667,64,8.20443398379112e-05,VeryHigh,base2 dire
755766,104,108,dire,Filovirus,0,64800,65,8.33262826478785e-05,VeryHigh,base2 dire
756833,107,108,dire,Filovirus,0,65867,66,8.46082254578459e-05,VeryHigh,base2 dire
757966,110,108,dire,Filovirus,0,67000,67,8.58901682678132e-05,VeryHigh,base2 dire
758700,112,108,dire,Filovirus,0,67734,68,8.71721110777806e-05,VeryHigh,base2 dire
759833,115,108,dire,Filovirus,0,68867,69,8.8454053887748e-05,VeryHigh,base2 dire
760766,117,110,dire,Filovirus,0,69800,70,8.97359966977153e-05,VeryHigh,base2 dire
761766,119,112,dire,Filovirus,0,70800,71,9.10179395076827e-05,VeryHigh,base2 dire
761766,119,112,dire,Filovirus,0,70800,72,9.229988231765e-05,VeryHigh,base2 dire
761766,119,112,dire,Filovirus,0,70800,73,9.35818251276174e-05,VeryHigh,base2 dire
761766,119,112,dire,Filovirus,0,70800,74,9.48637679375848e-05,VeryHigh,base2 dire
761766,119,112,dire,Filovirus,0,70800,75,9.61457107475521e-05,VeryHigh,base2 dire
761766,119,112,dire,Filovirus,0,70800,76,9.74276535575195e-05,VeryHigh,base2 dire
761766,119,112,dire,Filovirus,0,70800,77,9.87095963674869e-05,VeryHigh,base2 dire
761766,119,112,dire,Filovirus,0,70800,78,9.99915391774542e-05,VeryHigh,base2 dire
761766,119,112,dire,Filovirus,0,70800,79,0.000101273481987422,VeryHigh,base2 dire
761766,119,112,dire,Filovirus,0,70800,80,0.000102555424797389,VeryHigh,base2 dire
761766,119,112,dire,Filovirus,0,70800,81,0.000103837367607356,VeryHigh,base2 dire
761766,119,112,dire,Filovirus,0,70800,82,0.000105119310417324,VeryHigh,base2 dire
761766,119,112,dire,Filovirus,0,70800,83,0.000106401253227291,VeryHigh,base2 dire
761766,119,112,dire,Filovirus,0,70800,84,0.000107683196037258,VeryHigh,base2 dire
761766,119,112,dire,Filovirus,0,70800,85,0.000108965138847226,VeryHigh,base2 dire
761766,119,112,dire,Filovirus,0,70800,86,0.000110247081657193,VeryHigh,base2 dire
761766,119,112,dire,Filovirus,0,70800,87,0.00011152902446716,VeryHigh,base2 dire
761766,119,112,dire,Filovirus,0,70800,88,0.000112810967277128,VeryHigh,base2 dire
761766,119,112,dire,Filovirus,0,70800,89,0.000114092910087095,VeryHigh,base2 dire
780066,119,112,dire,Filovirus,0,89100,90,0.000115374852897063,VeryHigh,base2 dire
691700,58,69,radiant,freedom,1,734,0,0,VeryHigh,jungle dire
691700,58,69,radiant,freedom,1,734,1,1.28194280996736e-06,VeryHigh,jungle dire
692700,56,69,radiant,freedom,1,1734,2,2.56388561993472e-06,VeryHigh,jungle dire
693900,53,69,radiant,freedom,1,2934,3,3.84582842990209e-06,VeryHigh,river
694700,51,70,radiant,freedom,1,3734,4,5.12777123986945e-06,VeryHigh,river
695700,49,72,radiant,freedom,1,4734,5,6.40971404983681e-06,VeryHigh,river
696900,47,74,radiant,freedom,1,5934,6,7.69165685980417e-06,VeryHigh,river
697966,44,75,radiant,freedom,1,7000,7,8.97359966977153e-06,VeryHigh,river
698833,42,76,radiant,freedom,1,7867,8,1.02555424797389e-05,VeryHigh,river
699900,40,78,radiant,freedom,1,8934,9,1.15374852897063e-05,VeryHigh,river
700966,37,79,radiant,freedom,1,10000,10,1.28194280996736e-05,VeryHigh,river
701700,35,79,radiant,freedom,1,10734,11,1.4101370909641e-05,VeryHigh,river
702833,32,80,radiant,freedom,1,11867,12,1.53833137196083e-05,VeryHigh,river
703633,30,80,radiant,freedom,1,12667,13,1.66652565295757e-05,VeryHigh,river
704766,27,81,radiant,freedom,1,13800,14,1.79471993395431e-05,VeryHigh,river
705900,24,81,radiant,freedom,1,14934,15,1.92291421495104e-05,VeryHigh,river
706700,22,82,radiant,freedom,1,15734,16,2.05110849594778e-05,VeryHigh,river
707833,19,82,radiant,freedom,1,16867,17,2.17930277694451e-05,VeryHigh,river
708700,17,82,radiant,freedom,1,17734,18,2.30749705794125e-05,VeryHigh,toplane dire
709700,16,82,radiant,freedom,1,18734,19,2.43569133893799e-05,VeryHigh,toplane dire
710833,17,85,radiant,freedom,1,19867,20,2.56388561993472e-05,VeryHigh,toplane dire
711233,17,86,radiant,freedom,1,20267,21,2.69207990093146e-05,VeryHigh,toplane dire
712966,17,89,radiant,freedom,1,22000,22,2.8202741819282e-05,VeryHigh,toplane dire
713633,16,87,radiant,freedom,1,22667,23,2.94846846292493e-05,VeryHigh,toplane dire
714700,15,88,radiant,freedom,1,23734,24,3.07666274392167e-05,VeryHigh,toplane dire
715766,12,88,radiant,freedom,1,24800,25,3.2048570249184e-05,VeryHigh,toplane dire
716566,10,88,radiant,freedom,1,25600,26,3.33305130591514e-05,VeryHigh,toplane dire
716566,10,88,radiant,freedom,1,25600,27,3.46124558691188e-05,VeryHigh,toplane dire
716566,10,88,radiant,freedom,1,25600,28,3.58943986790861e-05,VeryHigh,toplane dire
716566,10,88,radiant,freedom,1,25600,29,3.71763414890535e-05,VeryHigh,toplane dire
720033,10,88,radiant,freedom,1,29067,30,3.84582842990209e-05,VeryHigh,toplane dire
720033,10,88,radiant,freedom,1,29067,31,3.97402271089882e-05,VeryHigh,toplane dire
720033,10,88,radiant,freedom,1,29067,32,4.10221699189556e-05,VeryHigh,toplane dire
720033,10,88,radiant,freedom,1,29067,33,4.23041127289229e-05,VeryHigh,toplane dire
720033,10,88,radiant,freedom,1,29067,34,4.35860555388903e-05,VeryHigh,toplane dire
720033,10,88,radiant,freedom,1,29067,35,4.48679983488577e-05,VeryHigh,toplane dire
720033,10,88,radiant,freedom,1,29067,36,4.6149941158825e-05,VeryHigh,toplane dire
720033,10,88,radiant,freedom,1,29067,37,4.74318839687924e-05,VeryHigh,toplane dire
720033,10,88,radiant,freedom,1,29067,38,4.87138267787597e-05,VeryHigh,toplane dire
720033,10,88,radiant,freedom,1,29067,39,4.99957695887271e-05,VeryHigh,toplane dire
720033,10,88,radiant,freedom,1,29067,40,5.12777123986945e-05,VeryHigh,toplane dire
720033,10,88,radiant,freedom,1,29067,41,5.25596552086618e-05,VeryHigh,toplane dire
720033,10,88,radiant,freedom,1,29067,42,5.38415980186292e-05,VeryHigh,toplane dire
720033,10,88,radiant,freedom,1,29067,43,5.51235408285966e-05,VeryHigh,toplane dire
720033,10,88,radiant,freedom,1,29067,44,5.64054836385639e-05,VeryHigh,toplane dire
720033,10,88,radiant,freedom,1,29067,45,5.76874264485313e-05,VeryHigh,toplane dire
720033,10,88,radiant,freedom,1,29067,46,5.89693692584986e-05,VeryHigh,toplane dire
737766,11,88,radiant,freedom,1,46800,47,6.0251312068466e-05,VeryHigh,toplane dire
738966,13,90,radiant,freedom,1,48000,48,6.15332548784334e-05,VeryHigh,toplane dire
739766,14,92,radiant,freedom,1,48800,49,6.28151976884007e-05,VeryHigh,toplane dire
740633,14,94,radiant,freedom,1,49667,50,6.40971404983681e-05,VeryHigh,toplane dire
741700,12,96,radiant,freedom,1,50734,51,6.53790833083354e-05,VeryHigh,toplane dire
742766,13,98,radiant,freedom,1,51800,52,6.66610261183028e-05,VeryHigh,toplane dire
743633,15,99,radiant,freedom,1,52667,53,6.79429689282702e-05,VeryHigh,toplane dire
744833,18,100,radiant,freedom,1,53867,54,6.92249117382375e-05,VeryHigh,toplane dire
745700,20,101,radiant,freedom,1,54734,55,7.05068545482049e-05,VeryHigh,toplane dire
746433,20,103,radiant,freedom,1,55467,56,7.17887973581723e-05,VeryHigh,toplane dire
747966,18,104,radiant,freedom,1,57000,57,7.30707401681396e-05,VeryHigh,toplane dire
748766,18,103,radiant,freedom,1,57800,58,7.4352682978107e-05,VeryHigh,toplane dire
749033,18,102,radiant,freedom,1,58067,59,7.56346257880743e-05,VeryHigh,toplane dire
749033,18,102,radiant,freedom,1,58067,60,7.69165685980417e-05,VeryHigh,toplane dire
749033,18,102,radiant,freedom,1,58067,61,7.81985114080091e-05,VeryHigh,toplane dire
749033,18,102,radiant,freedom,1,58067,62,7.94804542179764e-05,VeryHigh,toplane dire
749033,18,102,radiant,freedom,1,58067,63,8.07623970279438e-05,VeryHigh,toplane dire
749033,18,102,radiant,freedom,1,58067,64,8.20443398379112e-05,VeryHigh,toplane dire
749033,18,102,radiant,freedom,1,58067,65,8.33262826478785e-05,VeryHigh,toplane dire
756833,19,102,radiant,freedom,1,65867,66,8.46082254578459e-05,VeryHigh,toplane dire
757966,19,103,radiant,freedom,1,67000,67,8.58901682678132e-05,VeryHigh,toplane dire
758766,17,103,radiant,freedom,1,67800,68,8.71721110777806e-05,VeryHigh,toplane dire
759700,17,104,radiant,freedom,1,68734,69,8.8454053887748e-05,VeryHigh,toplane dire
760833,17,103,radiant,freedom,1,69867,70,8.97359966977153e-05,VeryHigh,toplane dire
761233,16,102,radiant,freedom,1,70267,71,9.10179395076827e-05,VeryHigh,toplane dire
762633,15,102,radiant,freedom,1,71667,72,9.229988231765e-05,VeryHigh,toplane dire
763900,16,100,radiant,freedom,1,72934,73,9.35818251276174e-05,VeryHigh,toplane dire
764300,17,100,radiant,freedom,1,73334,74,9.48637679375848e-05,VeryHigh,toplane dire
765833,16,101,radiant,freedom,1,74867,75,9.61457107475521e-05,VeryHigh,toplane dire
766233,16,102,radiant,freedom,1,75267,76,9.74276535575195e-05,VeryHigh,toplane dire
766233,16,102,radiant,freedom,1,75267,77,9.87095963674869e-05,VeryHigh,toplane dire
766233,16,102,radiant,freedom,1,75267,78,9.99915391774542e-05,VeryHigh,toplane dire
766233,16,102,radiant,freedom,1,75267,79,0.000101273481987422,VeryHigh,toplane dire
766233,16,102,radiant,freedom,1,75267,80,0.000102555424797389,VeryHigh,toplane dire
766233,16,102,radiant,freedom,1,75267,81,0.000103837367607356,VeryHigh,toplane dire
766233,16,102,radiant,freedom,1,75267,82,0.000105119310417324,VeryHigh,toplane dire
766233,16,102,radiant,freedom,1,75267,83,0.000106401253227291,VeryHigh,toplane dire
766233,16,102,radiant,freedom,1,75267,84,0.000107683196037258,VeryHigh,toplane dire
766233,16,102,radiant,freedom,1,75267,85,0.000108965138847226,VeryHigh,toplane dire
766233,16,102,radiant,freedom,1,75267,86,0.000110247081657193,VeryHigh,toplane dire
766233,16,102,radiant,freedom,1,75267,87,0.00011152902446716,VeryHigh,toplane dire
766233,16,102,radiant,freedom,1,75267,88,0.000112810967277128,VeryHigh,toplane dire
766233,16,102,radiant,freedom,1,75267,89,0.000114092910087095,VeryHigh,toplane dire
780066,16,102,radiant,freedom,1,89100,90,0.000115374852897063,VeryHigh,toplane dire
691633,104,14,dire,Kyoto,0,667,0,0,VeryHigh,bottomlane radiant
691633,104,14,dire,Kyoto,0,667,1,1.28194280996736e-06,VeryHigh,bottomlane radiant
692766,103,14,dire,Kyoto,0,1800,2,2.56388561993472e-06,VeryHigh,bottomlane radiant
693833,101,13,dire,Kyoto,0,2867,3,3.84582842990209e-06,VeryHigh,bottomlane radiant
694966,99,12,dire,Kyoto,0,4000,4,5.12777123986945e-06,VeryHigh,bottomlane radiant
695433,98,12,dire,Kyoto,0,4467,5,6.40971404983681e-06,VeryHigh,bottomlane radiant
696366,98,11,dire,Kyoto,0,5400,6,7.69165685980417e-06,VeryHigh,bottomlane radiant
697033,99,10,dire,Kyoto,0,6067,7,8.97359966977153e-06,VeryHigh,bottomlane radiant
698433,99,9,dire,Kyoto,0,7467,8,1.02555424797389e-05,VeryHigh,bottomlane radiant
699966,99,7,dire,Kyoto,0,9000,9,1.15374852897063e-05,VeryHigh,bottomlane radiant
700700,98,7,dire,Kyoto,0,9734,10,1.28194280996736e-05,VeryHigh,bottomlane radiant
700700,98,7,dire,Kyoto,0,9734,11,1.4101370909641e-05,VeryHigh,bottomlane radiant
700700,98,7,dire,Kyoto,0,9734,12,1.53833137196083e-05,VeryHigh,bottomlane radiant
700700,98,7,dire,Kyoto,0,9734,13,1.66652565295757e-05,VeryHigh,bottomlane radiant
700700,98,7,dire,Kyoto,0,9734,14,1.79471993395431e-05,VeryHigh,bottomlane radiant
700700,98,7,dire,Kyoto,0,9734,15,1.92291421495104e-05,VeryHigh,bottomlane radiant
700700,98,7,dire,Kyoto,0,9734,16,2.05110849594778e-05,VeryHigh,bottomlane radiant
700700,98,7,dire,Kyoto,0,9734,17,2.17930277694451e-05,VeryHigh,bottomlane radiant
700700,98,7,dire,Kyoto,0,9734,18,2.30749705794125e-05,VeryHigh,bottomlane radiant
700700,98,7,dire,Kyoto,0,9734,19,2.43569133893799e-05,VeryHigh,bottomlane radiant
700700,98,7,dire,Kyoto,0,9734,20,2.56388561993472e-05,VeryHigh,bottomlane radiant
700700,98,7,dire,Kyoto,0,9734,21,2.69207990093146e-05,VeryHigh,bottomlane radiant
700700,98,7,dire,Kyoto,0,9734,22,2.8202741819282e-05,VeryHigh,bottomlane radiant
700700,98,7,dire,Kyoto,0,9734,23,2.94846846292493e-05,VeryHigh,bottomlane radiant
700700,98,7,dire,Kyoto,0,9734,24,3.07666274392167e-05,VeryHigh,bottomlane radiant
700700,98,7,dire,Kyoto,0,9734,25,3.2048570249184e-05,VeryHigh,bottomlane radiant
700700,98,7,dire,Kyoto,0,9734,26,3.33305130591514e-05,VeryHigh,bottomlane radiant
700700,98,7,dire,Kyoto,0,9734,27,3.46124558691188e-05,VeryHigh,bottomlane radiant
700700,98,7,dire,Kyoto,0,9734,28,3.58943986790861e-05,VeryHigh,bottomlane radiant
700700,98,7,dire,Kyoto,0,9734,29,3.71763414890535e-05,VeryHigh,bottomlane radiant
720033,98,7,dire,Kyoto,0,29067,30,3.84582842990209e-05,VeryHigh,bottomlane radiant
720033,98,7,dire,Kyoto,0,29067,31,3.97402271089882e-05,VeryHigh,bottomlane radiant
720033,98,7,dire,Kyoto,0,29067,32,4.10221699189556e-05,VeryHigh,bottomlane radiant
720033,98,7,dire,Kyoto,0,29067,33,4.23041127289229e-05,VeryHigh,bottomlane radiant
724300,118,108,dire,Kyoto,0,33334,34,4.35860555388903e-05,VeryHigh,base2 dire
724300,118,108,dire,Kyoto,0,33334,35,4.48679983488577e-05,VeryHigh,base2 dire
724300,118,108,dire,Kyoto,0,33334,36,4.6149941158825e-05,VeryHigh,base2 dire
724300,118,108,dire,Kyoto,0,33334,37,4.74318839687924e-05,VeryHigh,base2 dire
724300,118,108,dire,Kyoto,0,33334,38,4.87138267787597e-05,VeryHigh,base2 dire
724300,118,108,dire,Kyoto,0,33334,39,4.99957695887271e-05,VeryHigh,base2 dire
724300,118,108,dire,Kyoto,0,33334,40,5.12777123986945e-05,VeryHigh,base2 dire
724300,118,108,dire,Kyoto,0,33334,41,5.25596552086618e-05,VeryHigh,base2 dire
724300,118,108,dire,Kyoto,0,33334,42,5.38415980186292e-05,VeryHigh,base2 dire
724300,118,108,dire,Kyoto,0,33334,43,5.51235408285966e-05,VeryHigh,base2 dire
724300,118,108,dire,Kyoto,0,33334,44,5.64054836385639e-05,VeryHigh,base2 dire
724300,118,108,dire,Kyoto,0,33334,45,5.76874264485313e-05,VeryHigh,base2 dire
724300,118,108,dire,Kyoto,0,33334,46,5.89693692584986e-05,VeryHigh,base2 dire
724300,118,108,dire,Kyoto,0,33334,47,6.0251312068466e-05,VeryHigh,base2 dire
724300,118,108,dire,Kyoto,0,33334,48,6.15332548784334e-05,VeryHigh,base2 dire
724300,118,108,dire,Kyoto,0,33334,49,6.28151976884007e-05,VeryHigh,base2 dire
724300,118,108,dire,Kyoto,0,33334,50,6.40971404983681e-05,VeryHigh,base2 dire
724300,118,108,dire,Kyoto,0,33334,51,6.53790833083354e-05,VeryHigh,base2 dire
724300,118,108,dire,Kyoto,0,33334,52,6.66610261183028e-05,VeryHigh,base2 dire
724300,118,108,dire,Kyoto,0,33334,53,6.79429689282702e-05,VeryHigh,base2 dire
724300,118,108,dire,Kyoto,0,33334,54,6.92249117382375e-05,VeryHigh,base2 dire
724300,118,108,dire,Kyoto,0,33334,55,7.05068545482049e-05,VeryHigh,base2 dire
724300,118,108,dire,Kyoto,0,33334,56,7.17887973581723e-05,VeryHigh,base2 dire
724300,118,108,dire,Kyoto,0,33334,57,7.30707401681396e-05,VeryHigh,base2 dire
724300,118,108,dire,Kyoto,0,33334,58,7.4352682978107e-05,VeryHigh,base2 dire
724300,118,108,dire,Kyoto,0,33334,59,7.56346257880743e-05,VeryHigh,base2 dire
724300,118,108,dire,Kyoto,0,33334,60,7.69165685980417e-05,VeryHigh,base2 dire
724300,118,108,dire,Kyoto,0,33334,61,7.81985114080091e-05,VeryHigh,base2 dire
724300,118,108,dire,Kyoto,0,33334,62,7.94804542179764e-05,VeryHigh,base2 dire
724300,118,108,dire,Kyoto,0,33334,63,8.07623970279438e-05,VeryHigh,base2 dire
724300,118,108,dire,Kyoto,0,33334,64,8.20443398379112e-05,VeryHigh,base2 dire
724300,118,108,dire,Kyoto,0,33334,65,8.33262826478785e-05,VeryHigh,base2 dire
724300,118,108,dire,Kyoto,0,33334,66,8.46082254578459e-05,VeryHigh,base2 dire
724300,118,108,dire,Kyoto,0,33334,67,8.58901682678132e-05,VeryHigh,base2 dire
724300,118,108,dire,Kyoto,0,33334,68,8.71721110777806e-05,VeryHigh,base2 dire
724300,118,108,dire,Kyoto,0,33334,69,8.8454053887748e-05,VeryHigh,base2 dire
724300,118,108,dire,Kyoto,0,33334,70,8.97359966977153e-05,VeryHigh,base2 dire
724300,118,108,dire,Kyoto,0,33334,71,9.10179395076827e-05,VeryHigh,base2 dire
724300,118,108,dire,Kyoto,0,33334,72,9.229988231765e-05,VeryHigh,base2 dire
724300,118,108,dire,Kyoto,0,33334,73,9.35818251276174e-05,VeryHigh,base2 dire
724300,118,108,dire,Kyoto,0,33334,74,9.48637679375848e-05,VeryHigh,base2 dire
724300,118,108,dire,Kyoto,0,33334,75,9.61457107475521e-05,VeryHigh,base2 dire
724300,118,108,dire,Kyoto,0,33334,76,9.74276535575195e-05,VeryHigh,base2 dire
724300,118,108,dire,Kyoto,0,33334,77,9.87095963674869e-05,VeryHigh,base2 dire
724300,118,108,dire,Kyoto,0,33334,78,9.99915391774542e-05,VeryHigh,base2 dire
724300,118,108,dire,Kyoto,0,33334,79,0.000101273481987422,VeryHigh,base2 dire
724300,118,108,dire,Kyoto,0,33334,80,0.000102555424797389,VeryHigh,base2 dire
724300,118,108,dire,Kyoto,0,33334,81,0.000103837367607356,VeryHigh,base2 dire
724300,118,108,dire,Kyoto,0,33334,82,0.000105119310417324,VeryHigh,base2 dire
724300,118,108,dire,Kyoto,0,33334,83,0.000106401253227291,VeryHigh,base2 dire
724300,118,108,dire,Kyoto,0,33334,84,0.000107683196037258,VeryHigh,base2 dire
724300,118,108,dire,Kyoto,0,33334,85,0.000108965138847226,VeryHigh,base2 dire
724300,118,108,dire,Kyoto,0,33334,86,0.000110247081657193,VeryHigh,base2 dire
724300,118,108,dire,Kyoto,0,33334,87,0.00011152902446716,VeryHigh,base2 dire
724300,118,108,dire,Kyoto,0,33334,88,0.000112810967277128,VeryHigh,base2 dire
724300,118,108,dire,Kyoto,0,33334,89,0.000114092910087095,VeryHigh,base2 dire
780066,118,108,dire,Kyoto,0,89100,90,0.000115374852897063,VeryHigh,base2 dire
691966,61,66,radiant,Merlini,1,1000,0,0,VeryHigh,midlane dire
691966,61,66,radiant,Merlini,1,1000,1,1.28194280996736e-06,VeryHigh,midlane dire
692700,61,63,radiant,Merlini,1,1734,2,2.56388561993472e-06,VeryHigh,midlane dire
693766,60,60,radiant,Merlini,1,2800,3,3.84582842990209e-06,VeryHigh,midlane dire
694700,58,59,radiant,Merlini,1,3734,4,5.12777123986945e-06,VeryHigh,midlane radiant
695033,57,59,radiant,Merlini,1,4067,5,6.40971404983681e-06,VeryHigh,midlane radiant
696966,56,56,radiant,Merlini,1,6000,6,7.69165685980417e-06,VeryHigh,midlane radiant
697966,56,56,radiant,Merlini,1,7000,7,8.97359966977153e-06,VeryHigh,midlane radiant
698366,57,55,radiant,Merlini,1,7400,8,1.02555424797389e-05,VeryHigh,midlane radiant
699566,58,56,radiant,Merlini,1,8600,9,1.15374852897063e-05,VeryHigh,midlane radiant
700700,59,56,radiant,Merlini,1,9734,10,1.28194280996736e-05,VeryHigh,midlane radiant
701033,60,56,radiant,Merlini,1,10067,11,1.4101370909641e-05,VeryHigh,midlane radiant
702766,59,56,radiant,Merlini,1,11800,12,1.53833137196083e-05,VeryHigh,midlane radiant
703566,58,54,radiant,Merlini,1,12600,13,1.66652565295757e-05,VeryHigh,midlane radiant
704966,57,54,radiant,Merlini,1,14000,14,1.79471993395431e-05,VeryHigh,midlane radiant
705566,57,53,radiant,Merlini,1,14600,15,1.92291421495104e-05,VeryHigh,midlane radiant
706766,56,52,radiant,Merlini,1,15800,16,2.05110849594778e-05,VeryHigh,midlane radiant
707766,55,49,radiant,Merlini,1,16800,17,2.17930277694451e-05,VeryHigh,midlane radiant
708700,56,50,radiant,Merlini,1,17734,18,2.30749705794125e-05,VeryHigh,midlane radiant
709900,54,53,radiant,Merlini,1,18934,19,2.43569133893799e-05,VeryHigh,midlane radiant
710566,55,53,radiant,Merlini,1,19600,20,2.56388561993472e-05,VeryHigh,midlane radiant
711966,56,54,radiant,Merlini,1,21000,21,2.69207990093146e-05,VeryHigh,midlane radiant
712633,57,55,radiant,Merlini,1,21667,22,2.8202741819282e-05,VeryHigh,midlane radiant
713300,57,54,radiant,Merlini,1,22334,23,2.94846846292493e-05,VeryHigh,midlane radiant
714566,57,55,radiant,Merlini,1,23600,24,3.07666274392167e-05,VeryHigh,midlane radiant
714566,57,55,radiant,Merlini,1,23600,25,3.2048570249184e-05,VeryHigh,midlane radiant
716100,57,54,radiant,Merlini,1,25134,26,3.33305130591514e-05,VeryHigh,midlane radiant
716100,57,54,radiant,Merlini,1,25134,27,3.46124558691188e-05,VeryHigh,midlane radiant
716100,57,54,radiant,Merlini,1,25134,28,3.58943986790861e-05,VeryHigh,midlane radiant
716100,57,54,radiant,Merlini,1,25134,29,3.71763414890535e-05,VeryHigh,midlane radiant
720900,58,55,radiant,Merlini,1,29934,30,3.84582842990209e-05,VeryHigh,midlane radiant
720900,58,55,radiant,Merlini,1,29934,31,3.97402271089882e-05,VeryHigh,midlane radiant
722100,59,56,radiant,Merlini,1,31134,32,4.10221699189556e-05,VeryHigh,midlane radiant
723966,60,57,radiant,Merlini,1,33000,33,4.23041127289229e-05,VeryHigh,midlane radiant
724300,60,58,radiant,Merlini,1,33334,34,4.35860555388903e-05,VeryHigh,midlane radiant
725700,61,59,radiant,Merlini,1,34734,35,4.48679983488577e-05,VeryHigh,midlane dire
725700,61,59,radiant,Merlini,1,34734,36,4.6149941158825e-05,VeryHigh,midlane dire
727033,62,59,radiant,Merlini,1,36067,37,4.74318839687924e-05,VeryHigh,midlane dire
728833,60,60,radiant,Merlini,1,37867,38,4.87138267787597e-05,VeryHigh,midlane dire
728833,60,60,radiant,Merlini,1,37867,39,4.99957695887271e-05,VeryHigh,midlane dire
730566,60,61,radiant,Merlini,1,39600,40,5.12777123986945e-05,VeryHigh,midlane dire
731966,62,61,radiant,Merlini,1,41000,41,5.25596552086618e-05,VeryHigh,midlane dire
732900,64,63,radiant,Merlini,1,41934,42,5.38415980186292e-05,VeryHigh,midlane dire
733766,66,63,radiant,Merlini,1,42800,43,5.51235408285966e-05,VeryHigh,midlane dire
734900,69,64,radiant,Merlini,1,43934,44,5.64054836385639e-05,VeryHigh,midlane dire
735633,68,65,radiant,Merlini,1,44667,45,5.76874264485313e-05,VeryHigh,midlane dire
736300,68,65,radiant,Merlini,1,45334,46,5.89693692584986e-05,VeryHigh,midlane dire
736300,68,65,radiant,Merlini,1,45334,47,6.0251312068466e-05,VeryHigh,midlane dire
736300,68,65,radiant,Merlini,1,45334,48,6.15332548784334e-05,VeryHigh,midlane dire
736300,68,65,radiant,Merlini,1,45334,49,6.28151976884007e-05,VeryHigh,midlane dire
740966,67,64,radiant,Merlini,1,50000,50,6.40971404983681e-05,VeryHigh,midlane dire
741766,65,63,radiant,Merlini,1,50800,51,6.53790833083354e-05,VeryHigh,midlane dire
742966,64,62,radiant,Merlini,1,52000,52,6.66610261183028e-05,VeryHigh,midlane dire
743366,64,63,radiant,Merlini,1,52400,53,6.79429689282702e-05,VeryHigh,midlane dire
744633,65,62,radiant,Merlini,1,53667,54,6.92249117382375e-05,VeryHigh,midlane dire
745233,65,63,radiant,Merlini,1,54267,55,7.05068545482049e-05,VeryHigh,midlane dire
746766,64,63,radiant,Merlini,1,55800,56,7.17887973581723e-05,VeryHigh,midlane dire
747500,65,64,radiant,Merlini,1,56534,57,7.30707401681396e-05,VeryHigh,midlane dire
748766,65,63,radiant,Merlini,1,57800,58,7.4352682978107e-05,VeryHigh,midlane dire
748766,65,63,radiant,Merlini,1,57800,59,7.56346257880743e-05,VeryHigh,midlane dire
748766,65,63,radiant,Merlini,1,57800,60,7.69165685980417e-05,VeryHigh,midlane dire
748766,65,63,radiant,Merlini,1,57800,61,7.81985114080091e-05,VeryHigh,midlane dire
752033,65,62,radiant,Merlini,1,61067,62,7.94804542179764e-05,VeryHigh,midlane dire
752033,65,62,radiant,Merlini,1,61067,63,8.07623970279438e-05,VeryHigh,midlane dire
754766,64,60,radiant,Merlini,1,63800,64,8.20443398379112e-05,VeryHigh,midlane dire
755833,65,61,radiant,Merlini,1,64867,65,8.33262826478785e-05,VeryHigh,midlane dire
756500,66,63,radiant,Merlini,1,65534,66,8.46082254578459e-05,VeryHigh,midlane dire
757766,64,63,radiant,Merlini,1,66800,67,8.58901682678132e-05,VeryHigh,midlane dire
758833,61,62,radiant,Merlini,1,67867,68,8.71721110777806e-05,VeryHigh,midlane dire
758833,61,62,radiant,Merlini,1,67867,69,8.8454053887748e-05,VeryHigh,midlane dire
758833,61,62,radiant,Merlini,1,67867,70,8.97359966977153e-05,VeryHigh,midlane dire
758833,61,62,radiant,Merlini,1,67867,71,9.10179395076827e-05,VeryHigh,midlane dire
758833,61,62,radiant,Merlini,1,67867,72,9.229988231765e-05,VeryHigh,midlane dire
758833,61,62,radiant,Merlini,1,67867,73,9.35818251276174e-05,VeryHigh,midlane dire
758833,61,62,radiant,Merlini,1,67867,74,9.48637679375848e-05,VeryHigh,midlane dire
758833,61,62,radiant,Merlini,1,67867,75,9.61457107475521e-05,VeryHigh,midlane dire
758833,61,62,radiant,Merlini,1,67867,76,9.74276535575195e-05,VeryHigh,midlane dire
758833,61,62,radiant,Merlini,1,67867,77,9.87095963674869e-05,VeryHigh,midlane dire
758833,61,62,radiant,Merlini,1,67867,78,9.99915391774542e-05,VeryHigh,midlane dire
758833,61,62,radiant,Merlini,1,67867,79,0.000101273481987422,VeryHigh,midlane dire
758833,61,62,radiant,Merlini,1,67867,80,0.000102555424797389,VeryHigh,midlane dire
758833,61,62,radiant,Merlini,1,67867,81,0.000103837367607356,VeryHigh,midlane dire
758833,61,62,radiant,Merlini,1,67867,82,0.000105119310417324,VeryHigh,midlane dire
758833,61,62,radiant,Merlini,1,67867,83,0.000106401253227291,VeryHigh,midlane dire
758833,61,62,radiant,Merlini,1,67867,84,0.000107683196037258,VeryHigh,midlane dire
758833,61,62,radiant,Merlini,1,67867,85,0.000108965138847226,VeryHigh,midlane dire
758833,61,62,radiant,Merlini,1,67867,86,0.000110247081657193,VeryHigh,midlane dire
758833,61,62,radiant,Merlini,1,67867,87,0.00011152902446716,VeryHigh,midlane dire
758833,61,62,radiant,Merlini,1,67867,88,0.000112810967277128,VeryHigh,midlane dire
758833,61,62,radiant,Merlini,1,67867,89,0.000114092910087095,VeryHigh,midlane dire
780066,61,62,radiant,Merlini,1,89100,90,0.000115374852897063,VeryHigh,midlane dire
691966,102,14,radiant,Nyx%60SNA,1,1000,0,0,VeryHigh,bottomlane radiant
691966,102,14,radiant,Nyx%60SNA,1,1000,1,1.28194280996736e-06,VeryHigh,bottomlane radiant
692633,101,13,radiant,Nyx%60SNA,1,1667,2,2.56388561993472e-06,VeryHigh,bottomlane radiant
693833,99,11,radiant,Nyx%60SNA,1,2867,3,3.84582842990209e-06,VeryHigh,bottomlane radiant
694500,99,11,radiant,Nyx%60SNA,1,3534,4,5.12777123986945e-06,VeryHigh,bottomlane radiant
694500,99,11,radiant,Nyx%60SNA,1,3534,5,6.40971404983681e-06,VeryHigh,bottomlane radiant
696433,99,9,radiant,Nyx%60SNA,1,5467,6,7.69165685980417e-06,VeryHigh,bottomlane radiant
697700,99,8,radiant,Nyx%60SNA,1,6734,7,8.97359966977153e-06,VeryHigh,bottomlane radiant
697700,99,8,radiant,Nyx%60SNA,1,6734,8,1.02555424797389e-05,VeryHigh,bottomlane radiant
697700,99,8,radiant,Nyx%60SNA,1,6734,9,1.15374852897063e-05,VeryHigh,bottomlane radiant
697700,99,8,radiant,Nyx%60SNA,1,6734,10,1.28194280996736e-05,VeryHigh,bottomlane radiant
697700,99,8,radiant,Nyx%60SNA,1,6734,11,1.4101370909641e-05,VeryHigh,bottomlane radiant
697700,99,8,radiant,Nyx%60SNA,1,6734,12,1.53833137196083e-05,VeryHigh,bottomlane radiant
697700,99,8,radiant,Nyx%60SNA,1,6734,13,1.66652565295757e-05,VeryHigh,bottomlane radiant
697700,99,8,radiant,Nyx%60SNA,1,6734,14,1.79471993395431e-05,VeryHigh,bottomlane radiant
697700,99,8,radiant,Nyx%60SNA,1,6734,15,1.92291421495104e-05,VeryHigh,bottomlane radiant
697700,99,8,radiant,Nyx%60SNA,1,6734,16,2.05110849594778e-05,VeryHigh,bottomlane radiant
697700,99,8,radiant,Nyx%60SNA,1,6734,17,2.17930277694451e-05,VeryHigh,bottomlane radiant
697700,99,8,radiant,Nyx%60SNA,1,6734,18,2.30749705794125e-05,VeryHigh,bottomlane radiant
697700,99,8,radiant,Nyx%60SNA,1,6734,19,2.43569133893799e-05,VeryHigh,bottomlane radiant
697700,99,8,radiant,Nyx%60SNA,1,6734,20,2.56388561993472e-05,VeryHigh,bottomlane radiant
697700,99,8,radiant,Nyx%60SNA,1,6734,21,2.69207990093146e-05,VeryHigh,bottomlane radiant
697700,99,8,radiant,Nyx%60SNA,1,6734,22,2.8202741819282e-05,VeryHigh,bottomlane radiant
697700,99,8,radiant,Nyx%60SNA,1,6734,23,2.94846846292493e-05,VeryHigh,bottomlane radiant
697700,99,8,radiant,Nyx%60SNA,1,6734,24,3.07666274392167e-05,VeryHigh,bottomlane radiant
697700,99,8,radiant,Nyx%60SNA,1,6734,25,3.2048570249184e-05,VeryHigh,bottomlane radiant
697700,99,8,radiant,Nyx%60SNA,1,6734,26,3.33305130591514e-05,VeryHigh,bottomlane radiant
697700,99,8,radiant,Nyx%60SNA,1,6734,27,3.46124558691188e-05,VeryHigh,bottomlane radiant
697700,99,8,radiant,Nyx%60SNA,1,6734,28,3.58943986790861e-05,VeryHigh,bottomlane radiant
697700,99,8,radiant,Nyx%60SNA,1,6734,29,3.71763414890535e-05,VeryHigh,bottomlane radiant
720966,10,7,radiant,Nyx%60SNA,1,30000,30,3.84582842990209e-05,VeryHigh,base1 radiant
721900,11,9,radiant,Nyx%60SNA,1,30934,31,3.97402271089882e-05,VeryHigh,base1 radiant
722233,12,9,radiant,Nyx%60SNA,1,31267,32,4.10221699189556e-05,VeryHigh,base1 radiant
723300,12,10,radiant,Nyx%60SNA,1,32334,33,4.23041127289229e-05,VeryHigh,base1 radiant
723300,12,10,radiant,Nyx%60SNA,1,32334,34,4.35860555388903e-05,VeryHigh,base1 radiant
723300,12,10,radiant,Nyx%60SNA,1,32334,35,4.48679983488577e-05,VeryHigh,base1 radiant
723300,12,10,radiant,Nyx%60SNA,1,32334,36,4.6149941158825e-05,VeryHigh,base1 radiant
723300,12,10,radiant,Nyx%60SNA,1,32334,37,4.74318839687924e-05,VeryHigh,base1 radiant
723300,12,10,radiant,Nyx%60SNA,1,32334,38,4.87138267787597e-05,VeryHigh,base1 radiant
723300,12,10,radiant,Nyx%60SNA,1,32334,39,4.99957695887271e-05,VeryHigh,base1 radiant
723300,12,10,radiant,Nyx%60SNA,1,32334,40,5.12777123986945e-05,VeryHigh,base1 radiant
723300,12,10,radiant,Nyx%60SNA,1,32334,41,5.25596552086618e-05,VeryHigh,base1 radiant
723300,12,10,radiant,Nyx%60SNA,1,32334,42,5.38415980186292e-05,VeryHigh,base1 radiant
723300,12,10,radiant,Nyx%60SNA,1,32334,43,5.51235408285966e-05,VeryHigh,base1 radiant
723300,12,10,radiant,Nyx%60SNA,1,32334,44,5.64054836385639e-05,VeryHigh,base1 radiant
723300,12,10,radiant,Nyx%60SNA,1,32334,45,5.76874264485313e-05,VeryHigh,base1 radiant
723300,12,10,radiant,Nyx%60SNA,1,32334,46,5.89693692584986e-05,VeryHigh,base1 radiant
723300,12,10,radiant,Nyx%60SNA,1,32334,47,6.0251312068466e-05,VeryHigh,base1 radiant
723300,12,10,radiant,Nyx%60SNA,1,32334,48,6.15332548784334e-05,VeryHigh,base1 radiant
723300,12,10,radiant,Nyx%60SNA,1,32334,49,6.28151976884007e-05,VeryHigh,base1 radiant
723300,12,10,radiant,Nyx%60SNA,1,32334,50,6.40971404983681e-05,VeryHigh,base1 radiant
723300,12,10,radiant,Nyx%60SNA,1,32334,51,6.53790833083354e-05,VeryHigh,base1 radiant
723300,12,10,radiant,Nyx%60SNA,1,32334,52,6.66610261183028e-05,VeryHigh,base1 radiant
723300,12,10,radiant,Nyx%60SNA,1,32334,53,6.79429689282702e-05,VeryHigh,base1 radiant
723300,12,10,radiant,Nyx%60SNA,1,32334,54,6.92249117382375e-05,VeryHigh,base1 radiant
723300,12,10,radiant,Nyx%60SNA,1,32334,55,7.05068545482049e-05,VeryHigh,base1 radiant
723300,12,10,radiant,Nyx%60SNA,1,32334,56,7.17887973581723e-05,VeryHigh,base1 radiant
723300,12,10,radiant,Nyx%60SNA,1,32334,57,7.30707401681396e-05,VeryHigh,base1 radiant
723300,12,10,radiant,Nyx%60SNA,1,32334,58,7.4352682978107e-05,VeryHigh,base1 radiant
723300,12,10,radiant,Nyx%60SNA,1,32334,59,7.56346257880743e-05,VeryHigh,base1 radiant
723300,12,10,radiant,Nyx%60SNA,1,32334,60,7.69165685980417e-05,VeryHigh,base1 radiant
723300,12,10,radiant,Nyx%60SNA,1,32334,61,7.81985114080091e-05,VeryHigh,base1 radiant
723300,12,10,radiant,Nyx%60SNA,1,32334,62,7.94804542179764e-05,VeryHigh,base1 radiant
723300,12,10,radiant,Nyx%60SNA,1,32334,63,8.07623970279438e-05,VeryHigh,base1 radiant
723300,12,10,radiant,Nyx%60SNA,1,32334,64,8.20443398379112e-05,VeryHigh,base1 radiant
723300,12,10,radiant,Nyx%60SNA,1,32334,65,8.33262826478785e-05,VeryHigh,base1 radiant
723300,12,10,radiant,Nyx%60SNA,1,32334,66,8.46082254578459e-05,VeryHigh,base1 radiant
723300,12,10,radiant,Nyx%60SNA,1,32334,67,8.58901682678132e-05,VeryHigh,base1 radiant
723300,12,10,radiant,Nyx%60SNA,1,32334,68,8.71721110777806e-05,VeryHigh,base1 radiant
723300,12,10,radiant,Nyx%60SNA,1,32334,69,8.8454053887748e-05,VeryHigh,base1 radiant
723300,12,10,radiant,Nyx%60SNA,1,32334,70,8.97359966977153e-05,VeryHigh,base1 radiant
723300,12,10,radiant,Nyx%60SNA,1,32334,71,9.10179395076827e-05,VeryHigh,base1 radiant
723300,12,10,radiant,Nyx%60SNA,1,32334,72,9.229988231765e-05,VeryHigh,base1 radiant
723300,12,10,radiant,Nyx%60SNA,1,32334,73,9.35818251276174e-05,VeryHigh,base1 radiant
723300,12,10,radiant,Nyx%60SNA,1,32334,74,9.48637679375848e-05,VeryHigh,base1 radiant
723300,12,10,radiant,Nyx%60SNA,1,32334,75,9.61457107475521e-05,VeryHigh,base1 radiant
723300,12,10,radiant,Nyx%60SNA,1,32334,76,9.74276535575195e-05,VeryHigh,base1 radiant
723300,12,10,radiant,Nyx%60SNA,1,32334,77,9.87095963674869e-05,VeryHigh,base1 radiant
723300,12,10,radiant,Nyx%60SNA,1,32334,78,9.99915391774542e-05,VeryHigh,base1 radiant
723300,12,10,radiant,Nyx%60SNA,1,32334,79,0.000101273481987422,VeryHigh,base1 radiant
723300,12,10,radiant,Nyx%60SNA,1,32334,80,0.000102555424797389,VeryHigh,base1 radiant
723300,12,10,radiant,Nyx%60SNA,1,32334,81,0.000103837367607356,VeryHigh,base1 radiant
723300,12,10,radiant,Nyx%60SNA,1,32334,82,0.000105119310417324,VeryHigh,base1 radiant
723300,12,10,radiant,Nyx%60SNA,1,32334,83,0.000106401253227291,VeryHigh,base1 radiant
723300,12,10,radiant,Nyx%60SNA,1,32334,84,0.000107683196037258,VeryHigh,base1 radiant
723300,12,10,radiant,Nyx%60SNA,1,32334,85,0.000108965138847226,VeryHigh,base1 radiant
723300,12,10,radiant,Nyx%60SNA,1,32334,86,0.000110247081657193,VeryHigh,base1 radiant
723300,12,10,radiant,Nyx%60SNA,1,32334,87,0.00011152902446716,VeryHigh,base1 radiant
723300,12,10,radiant,Nyx%60SNA,1,32334,88,0.000112810967277128,VeryHigh,base1 radiant
723300,12,10,radiant,Nyx%60SNA,1,32334,89,0.000114092910087095,VeryHigh,base1 radiant
780066,12,10,radiant,Nyx%60SNA,1,89100,90,0.000115374852897063,VeryHigh,base1 radiant
691766,12,86,radiant,Rawk%20Hawk,1,800,0,0,VeryHigh,toplane dire
691766,12,86,radiant,Rawk%20Hawk,1,800,1,1.28194280996736e-06,VeryHigh,toplane dire
692633,12,88,radiant,Rawk%20Hawk,1,1667,2,2.56388561993472e-06,VeryHigh,toplane dire
693700,13,89,radiant,Rawk%20Hawk,1,2734,3,3.84582842990209e-06,VeryHigh,toplane dire
693700,13,89,radiant,Rawk%20Hawk,1,2734,4,5.12777123986945e-06,VeryHigh,toplane dire
693700,13,89,radiant,Rawk%20Hawk,1,2734,5,6.40971404983681e-06,VeryHigh,toplane dire
696100,14,89,radiant,Rawk%20Hawk,1,5134,6,7.69165685980417e-06,VeryHigh,toplane dire
696100,14,89,radiant,Rawk%20Hawk,1,5134,7,8.97359966977153e-06,VeryHigh,toplane dire
698100,15,89,radiant,Rawk%20Hawk,1,7134,8,1.02555424797389e-05,VeryHigh,toplane dire
698100,15,89,radiant,Rawk%20Hawk,1,7134,9,1.15374852897063e-05,VeryHigh,toplane dire
698100,15,89,radiant,Rawk%20Hawk,1,7134,10,1.28194280996736e-05,VeryHigh,toplane dire
701900,13,89,radiant,Rawk%20Hawk,1,10934,11,1.4101370909641e-05,VeryHigh,toplane dire
702566,13,90,radiant,Rawk%20Hawk,1,11600,12,1.53833137196083e-05,VeryHigh,toplane dire
702566,13,90,radiant,Rawk%20Hawk,1,11600,13,1.66652565295757e-05,VeryHigh,toplane dire
704766,13,89,radiant,Rawk%20Hawk,1,13800,14,1.79471993395431e-05,VeryHigh,toplane dire
704766,13,89,radiant,Rawk%20Hawk,1,13800,15,1.92291421495104e-05,VeryHigh,toplane dire
706300,13,90,radiant,Rawk%20Hawk,1,15334,16,2.05110849594778e-05,VeryHigh,toplane dire
706300,13,90,radiant,Rawk%20Hawk,1,15334,17,2.17930277694451e-05,VeryHigh,toplane dire
706300,13,90,radiant,Rawk%20Hawk,1,15334,18,2.30749705794125e-05,VeryHigh,toplane dire
709233,14,91,radiant,Rawk%20Hawk,1,18267,19,2.43569133893799e-05,VeryHigh,toplane dire
710233,13,91,radiant,Rawk%20Hawk,1,19267,20,2.56388561993472e-05,VeryHigh,toplane dire
710233,13,91,radiant,Rawk%20Hawk,1,19267,21,2.69207990093146e-05,VeryHigh,toplane dire
710233,13,91,radiant,Rawk%20Hawk,1,19267,22,2.8202741819282e-05,VeryHigh,toplane dire
713900,14,92,radiant,Rawk%20Hawk,1,22934,23,2.94846846292493e-05,VeryHigh,toplane dire
714566,14,94,radiant,Rawk%20Hawk,1,23600,24,3.07666274392167e-05,VeryHigh,toplane dire
715900,14,97,radiant,Rawk%20Hawk,1,24934,25,3.2048570249184e-05,VeryHigh,toplane dire
716900,15,99,radiant,Rawk%20Hawk,1,25934,26,3.33305130591514e-05,VeryHigh,toplane dire
717433,16,100,radiant,Rawk%20Hawk,1,26467,27,3.46124558691188e-05,VeryHigh,toplane dire
718166,17,101,radiant,Rawk%20Hawk,1,27200,28,3.58943986790861e-05,VeryHigh,toplane dire
718166,17,101,radiant,Rawk%20Hawk,1,27200,29,3.71763414890535e-05,VeryHigh,toplane dire
720033,17,101,radiant,Rawk%20Hawk,1,29067,30,3.84582842990209e-05,VeryHigh,toplane dire
721100,18,101,radiant,Rawk%20Hawk,1,30134,31,3.97402271089882e-05,VeryHigh,toplane dire
721100,18,101,radiant,Rawk%20Hawk,1,30134,32,4.10221699189556e-05,VeryHigh,toplane dire
721100,18,101,radiant,Rawk%20Hawk,1,30134,33,4.23041127289229e-05,VeryHigh,toplane dire
721100,18,101,radiant,Rawk%20Hawk,1,30134,34,4.35860555388903e-05,VeryHigh,toplane dire
721100,18,101,radiant,Rawk%20Hawk,1,30134,35,4.48679983488577e-05,VeryHigh,toplane dire
726433,19,100,radiant,Rawk%20Hawk,1,35467,36,4.6149941158825e-05,VeryHigh,toplane dire
726433,19,100,radiant,Rawk%20Hawk,1,35467,37,4.74318839687924e-05,VeryHigh,toplane dire
726433,19,100,radiant,Rawk%20Hawk,1,35467,38,4.87138267787597e-05,VeryHigh,toplane dire
729766,18,100,radiant,Rawk%20Hawk,1,38800,39,4.99957695887271e-05,VeryHigh,toplane dire
730300,18,101,radiant,Rawk%20Hawk,1,39334,40,5.12777123986945e-05,VeryHigh,toplane dire
730300,18,101,radiant,Rawk%20Hawk,1,39334,41,5.25596552086618e-05,VeryHigh,toplane dire
732700,19,102,radiant,Rawk%20Hawk,1,41734,42,5.38415980186292e-05,VeryHigh,toplane dire
733233,20,103,radiant,Rawk%20Hawk,1,42267,43,5.51235408285966e-05,VeryHigh,toplane dire
733233,20,103,radiant,Rawk%20Hawk,1,42267,44,5.64054836385639e-05,VeryHigh,toplane dire
735833,21,104,radiant,Rawk%20Hawk,1,44867,45,5.76874264485313e-05,VeryHigh,toplane dire
736833,21,106,radiant,Rawk%20Hawk,1,45867,46,5.89693692584986e-05,VeryHigh,toplane dire
737166,22,106,radiant,Rawk%20Hawk,1,46200,47,6.0251312068466e-05,VeryHigh,toplane dire
737166,22,106,radiant,Rawk%20Hawk,1,46200,48,6.15332548784334e-05,VeryHigh,toplane dire
737166,22,106,radiant,Rawk%20Hawk,1,46200,49,6.28151976884007e-05,VeryHigh,toplane dire
737166,22,106,radiant,Rawk%20Hawk,1,46200,50,6.40971404983681e-05,VeryHigh,toplane dire
741566,22,104,radiant,Rawk%20Hawk,1,50600,51,6.53790833083354e-05,VeryHigh,toplane dire
742233,23,104,radiant,Rawk%20Hawk,1,51267,52,6.66610261183028e-05,VeryHigh,toplane dire
743766,22,105,radiant,Rawk%20Hawk,1,52800,53,6.79429689282702e-05,VeryHigh,toplane dire
744300,22,106,radiant,Rawk%20Hawk,1,53334,54,6.92249117382375e-05,VeryHigh,toplane dire
745900,21,105,radiant,Rawk%20Hawk,1,54934,55,7.05068545482049e-05,VeryHigh,toplane dire
746433,20,104,radiant,Rawk%20Hawk,1,55467,56,7.17887973581723e-05,VeryHigh,toplane dire
747966,20,104,radiant,Rawk%20Hawk,1,57000,57,7.30707401681396e-05,VeryHigh,toplane dire
748300,20,103,radiant,Rawk%20Hawk,1,57334,58,7.4352682978107e-05,VeryHigh,toplane dire
749966,19,102,radiant,Rawk%20Hawk,1,59000,59,7.56346257880743e-05,VeryHigh,toplane dire
749966,19,102,radiant,Rawk%20Hawk,1,59000,60,7.69165685980417e-05,VeryHigh,toplane dire
751766,19,103,radiant,Rawk%20Hawk,1,60800,61,7.81985114080091e-05,VeryHigh,toplane dire
752166,19,104,radiant,Rawk%20Hawk,1,61200,62,7.94804542179764e-05,VeryHigh,toplane dire
753500,19,103,radiant,Rawk%20Hawk,1,62534,63,8.07623970279438e-05,VeryHigh,toplane dire
754100,20,103,radiant,Rawk%20Hawk,1,63134,64,8.20443398379112e-05,VeryHigh,toplane dire
755633,20,102,radiant,Rawk%20Hawk,1,64667,65,8.33262826478785e-05,VeryHigh,toplane dire
756633,19,102,radiant,Rawk%20Hawk,1,65667,66,8.46082254578459e-05,VeryHigh,toplane dire
757633,18,101,radiant,Rawk%20Hawk,1,66667,67,8.58901682678132e-05,VeryHigh,toplane dire
757633,18,101,radiant,Rawk%20Hawk,1,66667,68,8.71721110777806e-05,VeryHigh,toplane dire
757633,18,101,radiant,Rawk%20Hawk,1,66667,69,8.8454053887748e-05,VeryHigh,toplane dire
760033,18,102,radiant,Rawk%20Hawk,1,69067,70,8.97359966977153e-05,VeryHigh,toplane dire
760033,18,102,radiant,Rawk%20Hawk,1,69067,71,9.10179395076827e-05,VeryHigh,toplane dire
760033,18,102,radiant,Rawk%20Hawk,1,69067,72,9.229988231765e-05,VeryHigh,toplane dire
760033,18,102,radiant,Rawk%20Hawk,1,69067,73,9.35818251276174e-05,VeryHigh,toplane dire
764766,19,103,radiant,Rawk%20Hawk,1,73800,74,9.48637679375848e-05,VeryHigh,toplane dire
764766,19,103,radiant,Rawk%20Hawk,1,73800,75,9.61457107475521e-05,VeryHigh,toplane dire
764766,19,103,radiant,Rawk%20Hawk,1,73800,76,9.74276535575195e-05,VeryHigh,toplane dire
764766,19,103,radiant,Rawk%20Hawk,1,73800,77,9.87095963674869e-05,VeryHigh,toplane dire
764766,19,103,radiant,Rawk%20Hawk,1,73800,78,9.99915391774542e-05,VeryHigh,toplane dire
764766,19,103,radiant,Rawk%20Hawk,1,73800,79,0.000101273481987422,VeryHigh,toplane dire
764766,19,103,radiant,Rawk%20Hawk,1,73800,80,0.000102555424797389,VeryHigh,toplane dire
764766,19,103,radiant,Rawk%20Hawk,1,73800,81,0.000103837367607356,VeryHigh,toplane dire
764766,19,103,radiant,Rawk%20Hawk,1,73800,82,0.000105119310417324,VeryHigh,toplane dire
764766,19,103,radiant,Rawk%20Hawk,1,73800,83,0.000106401253227291,VeryHigh,toplane dire
764766,19,103,radiant,Rawk%20Hawk,1,73800,84,0.000107683196037258,VeryHigh,toplane dire
764766,19,103,radiant,Rawk%20Hawk,1,73800,85,0.000108965138847226,VeryHigh,toplane dire
764766,19,103,radiant,Rawk%20Hawk,1,73800,86,0.000110247081657193,VeryHigh,toplane dire
764766,19,103,radiant,Rawk%20Hawk,1,73800,87,0.00011152902446716,VeryHigh,toplane dire
764766,19,103,radiant,Rawk%20Hawk,1,73800,88,0.000112810967277128,VeryHigh,toplane dire
764766,19,103,radiant,Rawk%20Hawk,1,73800,89,0.000114092910087095,VeryHigh,toplane dire
780066,19,103,radiant,Rawk%20Hawk,1,89100,90,0.000115374852897063,VeryHigh,toplane dire
704766,116,107,dire,Totodile,0,13800,0,0,VeryHigh,base2 dire
704766,116,107,dire,Totodile,0,13800,1,1.28194280996736e-06,VeryHigh,base2 dire
704766,116,107,dire,Totodile,0,13800,2,2.56388561993472e-06,VeryHigh,base2 dire
704766,116,107,dire,Totodile,0,13800,3,3.84582842990209e-06,VeryHigh,base2 dire
704766,116,107,dire,Totodile,0,13800,4,5.12777123986945e-06,VeryHigh,base2 dire
704766,116,107,dire,Totodile,0,13800,5,6.40971404983681e-06,VeryHigh,base2 dire
704766,116,107,dire,Totodile,0,13800,6,7.69165685980417e-06,VeryHigh,base2 dire
704766,116,107,dire,Totodile,0,13800,7,8.97359966977153e-06,VeryHigh,base2 dire
704766,116,107,dire,Totodile,0,13800,8,1.02555424797389e-05,VeryHigh,base2 dire
704766,116,107,dire,Totodile,0,13800,9,1.15374852897063e-05,VeryHigh,base2 dire
704766,116,107,dire,Totodile,0,13800,10,1.28194280996736e-05,VeryHigh,base2 dire
704766,116,107,dire,Totodile,0,13800,11,1.4101370909641e-05,VeryHigh,base2 dire
704766,116,107,dire,Totodile,0,13800,12,1.53833137196083e-05,VeryHigh,base2 dire
704766,116,107,dire,Totodile,0,13800,13,1.66652565295757e-05,VeryHigh,base2 dire
704766,116,107,dire,Totodile,0,13800,14,1.79471993395431e-05,VeryHigh,base2 dire
704766,116,107,dire,Totodile,0,13800,15,1.92291421495104e-05,VeryHigh,base2 dire
704766,116,107,dire,Totodile,0,13800,16,2.05110849594778e-05,VeryHigh,base2 dire
704766,116,107,dire,Totodile,0,13800,17,2.17930277694451e-05,VeryHigh,base2 dire
704766,116,107,dire,Totodile,0,13800,18,2.30749705794125e-05,VeryHigh,base2 dire
704766,116,107,dire,Totodile,0,13800,19,2.43569133893799e-05,VeryHigh,base2 dire
704766,116,107,dire,Totodile,0,13800,20,2.56388561993472e-05,VeryHigh,base2 dire
704766,116,107,dire,Totodile,0,13800,21,2.69207990093146e-05,VeryHigh,base2 dire
704766,116,107,dire,Totodile,0,13800,22,2.8202741819282e-05,VeryHigh,base2 dire
704766,116,107,dire,Totodile,0,13800,23,2.94846846292493e-05,VeryHigh,base2 dire
704766,116,107,dire,Totodile,0,13800,24,3.07666274392167e-05,VeryHigh,base2 dire
704766,116,107,dire,Totodile,0,13800,25,3.2048570249184e-05,VeryHigh,base2 dire
704766,116,107,dire,Totodile,0,13800,26,3.33305130591514e-05,VeryHigh,base2 dire
704766,116,107,dire,Totodile,0,13800,27,3.46124558691188e-05,VeryHigh,base2 dire
704766,116,107,dire,Totodile,0,13800,28,3.58943986790861e-05,VeryHigh,base2 dire
704766,116,107,dire,Totodile,0,13800,29,3.71763414890535e-05,VeryHigh,base2 dire
720033,116,107,dire,Totodile,0,29067,30,3.84582842990209e-05,VeryHigh,base2 dire
720033,116,107,dire,Totodile,0,29067,31,3.97402271089882e-05,VeryHigh,base2 dire
720033,116,107,dire,Totodile,0,29067,32,4.10221699189556e-05,VeryHigh,base2 dire
720033,116,107,dire,Totodile,0,29067,33,4.23041127289229e-05,VeryHigh,base2 dire
720033,116,107,dire,Totodile,0,29067,34,4.35860555388903e-05,VeryHigh,base2 dire
720033,116,107,dire,Totodile,0,29067,35,4.48679983488577e-05,VeryHigh,base2 dire
720033,116,107,dire,Totodile,0,29067,36,4.6149941158825e-05,VeryHigh,base2 dire
720033,116,107,dire,Totodile,0,29067,37,4.74318839687924e-05,VeryHigh,base2 dire
720033,116,107,dire,Totodile,0,29067,38,4.87138267787597e-05,VeryHigh,base2 dire
720033,116,107,dire,Totodile,0,29067,39,4.99957695887271e-05,VeryHigh,base2 dire
720033,116,107,dire,Totodile,0,29067,40,5.12777123986945e-05,VeryHigh,base2 dire
720033,116,107,dire,Totodile,0,29067,41,5.25596552086618e-05,VeryHigh,base2 dire
720033,116,107,dire,Totodile,0,29067,42,5.38415980186292e-05,VeryHigh,base2 dire
720033,116,107,dire,Totodile,0,29067,43,5.51235408285966e-05,VeryHigh,base2 dire
720033,116,107,dire,Totodile,0,29067,44,5.64054836385639e-05,VeryHigh,base2 dire
720033,116,107,dire,Totodile,0,29067,45,5.76874264485313e-05,VeryHigh,base2 dire
736566,117,108,dire,Totodile,0,45600,46,5.89693692584986e-05,VeryHigh,base2 dire
737633,118,110,dire,Totodile,0,46667,47,6.0251312068466e-05,VeryHigh,base2 dire
738166,119,111,dire,Totodile,0,47200,48,6.15332548784334e-05,VeryHigh,base2 dire
738166,119,111,dire,Totodile,0,47200,49,6.28151976884007e-05,VeryHigh,base2 dire
738166,119,111,dire,Totodile,0,47200,50,6.40971404983681e-05,VeryHigh,base2 dire
738166,119,111,dire,Totodile,0,47200,51,6.53790833083354e-05,VeryHigh,base2 dire
738166,119,111,dire,Totodile,0,47200,52,6.66610261183028e-05,VeryHigh,base2 dire
738166,119,111,dire,Totodile,0,47200,53,6.79429689282702e-05,VeryHigh,base2 dire
738166,119,111,dire,Totodile,0,47200,54,6.92249117382375e-05,VeryHigh,base2 dire
738166,119,111,dire,Totodile,0,47200,55,7.05068545482049e-05,VeryHigh,base2 dire
738166,119,111,dire,Totodile,0,47200,56,7.17887973581723e-05,VeryHigh,base2 dire
738166,119,111,dire,Totodile,0,47200,57,7.30707401681396e-05,VeryHigh,base2 dire
738166,119,111,dire,Totodile,0,47200,58,7.4352682978107e-05,VeryHigh,base2 dire
738166,119,111,dire,Totodile,0,47200,59,7.56346257880743e-05,VeryHigh,base2 dire
738166,119,111,dire,Totodile,0,47200,60,7.69165685980417e-05,VeryHigh,base2 dire
738166,119,111,dire,Totodile,0,47200,61,7.81985114080091e-05,VeryHigh,base2 dire
738166,119,111,dire,Totodile,0,47200,62,7.94804542179764e-05,VeryHigh,base2 dire
738166,119,111,dire,Totodile,0,47200,63,8.07623970279438e-05,VeryHigh,base2 dire
738166,119,111,dire,Totodile,0,47200,64,8.20443398379112e-05,VeryHigh,base2 dire
738166,119,111,dire,Totodile,0,47200,65,8.33262826478785e-05,VeryHigh,base2 dire
738166,119,111,dire,Totodile,0,47200,66,8.46082254578459e-05,VeryHigh,base2 dire
738166,119,111,dire,Totodile,0,47200,67,8.58901682678132e-05,VeryHigh,base2 dire
738166,119,111,dire,Totodile,0,47200,68,8.71721110777806e-05,VeryHigh,base2 dire
738166,119,111,dire,Totodile,0,47200,69,8.8454053887748e-05,VeryHigh,base2 dire
738166,119,111,dire,Totodile,0,47200,70,8.97359966977153e-05,VeryHigh,base2 dire
738166,119,111,dire,Totodile,0,47200,71,9.10179395076827e-05,VeryHigh,base2 dire
738166,119,111,dire,Totodile,0,47200,72,9.229988231765e-05,VeryHigh,base2 dire
738166,119,111,dire,Totodile,0,47200,73,9.35818251276174e-05,VeryHigh,base2 dire
738166,119,111,dire,Totodile,0,47200,74,9.48637679375848e-05,VeryHigh,base2 dire
738166,119,111,dire,Totodile,0,47200,75,9.61457107475521e-05,VeryHigh,base2 dire
738166,119,111,dire,Totodile,0,47200,76,9.74276535575195e-05,VeryHigh,base2 dire
738166,119,111,dire,Totodile,0,47200,77,9.87095963674869e-05,VeryHigh,base2 dire
738166,119,111,dire,Totodile,0,47200,78,9.99915391774542e-05,VeryHigh,base2 dire
738166,119,111,dire,Totodile,0,47200,79,0.000101273481987422,VeryHigh,base2 dire
738166,119,111,dire,Totodile,0,47200,80,0.000102555424797389,VeryHigh,base2 dire
738166,119,111,dire,Totodile,0,47200,81,0.000103837367607356,VeryHigh,base2 dire
738166,119,111,dire,Totodile,0,47200,82,0.000105119310417324,VeryHigh,base2 dire
738166,119,111,dire,Totodile,0,47200,83,0.000106401253227291,VeryHigh,base2 dire
738166,119,111,dire,Totodile,0,47200,84,0.000107683196037258,VeryHigh,base2 dire
738166,119,111,dire,Totodile,0,47200,85,0.000108965138847226,VeryHigh,base2 dire
738166,119,111,dire,Totodile,0,47200,86,0.000110247081657193,VeryHigh,base2 dire
738166,119,111,dire,Totodile,0,47200,87,0.00011152902446716,VeryHigh,base2 dire
738166,119,111,dire,Totodile,0,47200,88,0.000112810967277128,VeryHigh,base2 dire
738166,119,111,dire,Totodile,0,47200,89,0.000114092910087095,VeryHigh,base2 dire
780066,119,111,dire,Totodile,0,89100,90,0.000115374852897063,VeryHigh,base2 dire
691700,35,79,radiant,Whattehpho,1,734,0,0,VeryHigh,river
691700,35,79,radiant,Whattehpho,1,734,1,1.28194280996736e-06,VeryHigh,river
692633,33,80,radiant,Whattehpho,1,1667,2,2.56388561993472e-06,VeryHigh,river
693966,30,81,radiant,Whattehpho,1,3000,3,3.84582842990209e-06,VeryHigh,river
694900,28,81,radiant,Whattehpho,1,3934,4,5.12777123986945e-06,VeryHigh,river
695766,26,81,radiant,Whattehpho,1,4800,5,6.40971404983681e-06,VeryHigh,river
696633,24,82,radiant,Whattehpho,1,5667,6,7.69165685980417e-06,VeryHigh,river
697966,21,82,radiant,Whattehpho,1,7000,7,8.97359966977153e-06,VeryHigh,river
698900,19,83,radiant,Whattehpho,1,7934,8,1.02555424797389e-05,VeryHigh,river
699766,17,83,radiant,Whattehpho,1,8800,9,1.15374852897063e-05,VeryHigh,toplane dire
700566,16,85,radiant,Whattehpho,1,9600,10,1.28194280996736e-05,VeryHigh,toplane dire
701833,14,87,radiant,Whattehpho,1,10867,11,1.4101370909641e-05,VeryHigh,toplane dire
702766,13,89,radiant,Whattehpho,1,11800,12,1.53833137196083e-05,VeryHigh,toplane dire
703966,11,91,radiant,Whattehpho,1,13000,13,1.66652565295757e-05,VeryHigh,toplane dire
704700,10,92,radiant,Whattehpho,1,13734,14,1.79471993395431e-05,VeryHigh,toplane dire
705033,9,92,radiant,Whattehpho,1,14067,15,1.92291421495104e-05,VeryHigh,toplane dire
706433,9,93,radiant,Whattehpho,1,15467,16,2.05110849594778e-05,VeryHigh,toplane dire
706433,9,93,radiant,Whattehpho,1,15467,17,2.17930277694451e-05,VeryHigh,toplane dire
706433,9,93,radiant,Whattehpho,1,15467,18,2.30749705794125e-05,VeryHigh,toplane dire
706433,9,93,radiant,Whattehpho,1,15467,19,2.43569133893799e-05,VeryHigh,toplane dire
710966,9,92,radiant,Whattehpho,1,20000,20,2.56388561993472e-05,VeryHigh,toplane dire
711700,11,91,radiant,Whattehpho,1,20734,21,2.69207990093146e-05,VeryHigh,toplane dire
712833,12,89,radiant,Whattehpho,1,21867,22,2.8202741819282e-05,VeryHigh,toplane dire
713633,14,88,radiant,Whattehpho,1,22667,23,2.94846846292493e-05,VeryHigh,toplane dire
714966,16,89,radiant,Whattehpho,1,24000,24,3.07666274392167e-05,VeryHigh,toplane dire
715700,16,91,radiant,Whattehpho,1,24734,25,3.2048570249184e-05,VeryHigh,toplane dire
716833,17,94,radiant,Whattehpho,1,25867,26,3.33305130591514e-05,VeryHigh,toplane dire
717966,17,97,radiant,Whattehpho,1,27000,27,3.46124558691188e-05,VeryHigh,toplane dire
718966,19,98,radiant,Whattehpho,1,28000,28,3.58943986790861e-05,VeryHigh,toplane dire
719700,19,97,radiant,Whattehpho,1,28734,29,3.71763414890535e-05,VeryHigh,toplane dire
720033,19,96,radiant,Whattehpho,1,29067,30,3.84582842990209e-05,VeryHigh,toplane dire
720033,19,96,radiant,Whattehpho,1,29067,31,3.97402271089882e-05,VeryHigh,toplane dire
720033,19,96,radiant,Whattehpho,1,29067,32,4.10221699189556e-05,VeryHigh,toplane dire
720033,19,96,radiant,Whattehpho,1,29067,33,4.23041127289229e-05,VeryHigh,toplane dire
720033,19,96,radiant,Whattehpho,1,29067,34,4.35860555388903e-05,VeryHigh,toplane dire
720033,19,96,radiant,Whattehpho,1,29067,35,4.48679983488577e-05,VeryHigh,toplane dire
720033,19,96,radiant,Whattehpho,1,29067,36,4.6149941158825e-05,VeryHigh,toplane dire
720033,19,96,radiant,Whattehpho,1,29067,37,4.74318839687924e-05,VeryHigh,toplane dire
720033,19,96,radiant,Whattehpho,1,29067,38,4.87138267787597e-05,VeryHigh,toplane dire
720033,19,96,radiant,Whattehpho,1,29067,39,4.99957695887271e-05,VeryHigh,toplane dire
720033,19,96,radiant,Whattehpho,1,29067,40,5.12777123986945e-05,VeryHigh,toplane dire
720033,19,96,radiant,Whattehpho,1,29067,41,5.25596552086618e-05,VeryHigh,toplane dire
720033,19,96,radiant,Whattehpho,1,29067,42,5.38415980186292e-05,VeryHigh,toplane dire
720033,19,96,radiant,Whattehpho,1,29067,43,5.51235408285966e-05,VeryHigh,toplane dire
720033,19,96,radiant,Whattehpho,1,29067,44,5.64054836385639e-05,VeryHigh,toplane dire
720033,19,96,radiant,Whattehpho,1,29067,45,5.76874264485313e-05,VeryHigh,toplane dire
720033,19,96,radiant,Whattehpho,1,29067,46,5.89693692584986e-05,VeryHigh,toplane dire
720033,19,96,radiant,Whattehpho,1,29067,47,6.0251312068466e-05,VeryHigh,toplane dire
720033,19,96,radiant,Whattehpho,1,29067,48,6.15332548784334e-05,VeryHigh,toplane dire
720033,19,96,radiant,Whattehpho,1,29067,49,6.28151976884007e-05,VeryHigh,toplane dire
720033,19,96,radiant,Whattehpho,1,29067,50,6.40971404983681e-05,VeryHigh,toplane dire
720033,19,96,radiant,Whattehpho,1,29067,51,6.53790833083354e-05,VeryHigh,toplane dire
720033,19,96,radiant,Whattehpho,1,29067,52,6.66610261183028e-05,VeryHigh,toplane dire
720033,19,96,radiant,Whattehpho,1,29067,53,6.79429689282702e-05,VeryHigh,toplane dire
720033,19,96,radiant,Whattehpho,1,29067,54,6.92249117382375e-05,VeryHigh,toplane dire
720033,19,96,radiant,Whattehpho,1,29067,55,7.05068545482049e-05,VeryHigh,toplane dire
720033,19,96,radiant,Whattehpho,1,29067,56,7.17887973581723e-05,VeryHigh,toplane dire
720033,19,96,radiant,Whattehpho,1,29067,57,7.30707401681396e-05,VeryHigh,toplane dire
720033,19,96,radiant,Whattehpho,1,29067,58,7.4352682978107e-05,VeryHigh,toplane dire
720033,19,96,radiant,Whattehpho,1,29067,59,7.56346257880743e-05,VeryHigh,toplane dire
720033,19,96,radiant,Whattehpho,1,29067,60,7.69165685980417e-05,VeryHigh,toplane dire
720033,19,96,radiant,Whattehpho,1,29067,61,7.81985114080091e-05,VeryHigh,toplane dire
720033,19,96,radiant,Whattehpho,1,29067,62,7.94804542179764e-05,VeryHigh,toplane dire
720033,19,96,radiant,Whattehpho,1,29067,63,8.07623970279438e-05,VeryHigh,toplane dire
720033,19,96,radiant,Whattehpho,1,29067,64,8.20443398379112e-05,VeryHigh,toplane dire
755966,19,97,radiant,Whattehpho,1,65000,65,8.33262826478785e-05,VeryHigh,toplane dire
756500,21,98,radiant,Whattehpho,1,65534,66,8.46082254578459e-05,VeryHigh,toplane dire
756500,21,98,radiant,Whattehpho,1,65534,67,8.58901682678132e-05,VeryHigh,toplane dire
756500,21,98,radiant,Whattehpho,1,65534,68,8.71721110777806e-05,VeryHigh,toplane dire
756500,21,98,radiant,Whattehpho,1,65534,69,8.8454053887748e-05,VeryHigh,toplane dire
756500,21,98,radiant,Whattehpho,1,65534,70,8.97359966977153e-05,VeryHigh,toplane dire
756500,21,98,radiant,Whattehpho,1,65534,71,9.10179395076827e-05,VeryHigh,toplane dire
756500,21,98,radiant,Whattehpho,1,65534,72,9.229988231765e-05,VeryHigh,toplane dire
756500,21,98,radiant,Whattehpho,1,65534,73,9.35818251276174e-05,VeryHigh,toplane dire
756500,21,98,radiant,Whattehpho,1,65534,74,9.48637679375848e-05,VeryHigh,toplane dire
756500,21,98,radiant,Whattehpho,1,65534,75,9.61457107475521e-05,VeryHigh,toplane dire
756500,21,98,radiant,Whattehpho,1,65534,76,9.74276535575195e-05,VeryHigh,toplane dire
756500,21,98,radiant,Whattehpho,1,65534,77,9.87095963674869e-05,VeryHigh,toplane dire
756500,21,98,radiant,Whattehpho,1,65534,78,9.99915391774542e-05,VeryHigh,toplane dire
756500,21,98,radiant,Whattehpho,1,65534,79,0.000101273481987422,VeryHigh,toplane dire
756500,21,98,radiant,Whattehpho,1,65534,80,0.000102555424797389,VeryHigh,toplane dire
756500,21,98,radiant,Whattehpho,1,65534,81,0.000103837367607356,VeryHigh,toplane dire
756500,21,98,radiant,Whattehpho,1,65534,82,0.000105119310417324,VeryHigh,toplane dire
756500,21,98,radiant,Whattehpho,1,65534,83,0.000106401253227291,VeryHigh,toplane dire
756500,21,98,radiant,Whattehpho,1,65534,84,0.000107683196037258,VeryHigh,toplane dire
756500,21,98,radiant,Whattehpho,1,65534,85,0.000108965138847226,VeryHigh,toplane dire
756500,21,98,radiant,Whattehpho,1,65534,86,0.000110247081657193,VeryHigh,toplane dire
756500,21,98,radiant,Whattehpho,1,65534,87,0.00011152902446716,VeryHigh,toplane dire
756500,21,98,radiant,Whattehpho,1,65534,88,0.000112810967277128,VeryHigh,toplane dire
756500,21,98,radiant,Whattehpho,1,65534,89,0.000114092910087095,VeryHigh,toplane dire
780066,21,98,radiant,Whattehpho,1,89100,90,0.000115374852897063,VeryHigh,toplane dire
